--------------------------------------------------------
--  파일이 생성됨 - 토요일-9월-26-2020   
--------------------------------------------------------
--------------------------------------------------------
--  DDL for Sequence CPOST_SEQ
--------------------------------------------------------

   CREATE SEQUENCE  "HWABO"."CPOST_SEQ"  MINVALUE 1 MAXVALUE 9999999999999999999999999999 INCREMENT BY 1 START WITH 301 CACHE 20 NOORDER  NOCYCLE ;
--------------------------------------------------------
--  DDL for Sequence MEMBER_SEQ
--------------------------------------------------------

   CREATE SEQUENCE  "HWABO"."MEMBER_SEQ"  MINVALUE 1 MAXVALUE 9999999999999999999999999999 INCREMENT BY 1 START WITH 301 CACHE 20 NOORDER  NOCYCLE ;
--------------------------------------------------------
--  DDL for Sequence SEQ_RE
--------------------------------------------------------

   CREATE SEQUENCE  "HWABO"."SEQ_RE"  MINVALUE 1 MAXVALUE 9999999999999999999999999999 INCREMENT BY 1 START WITH 121 CACHE 20 NOORDER  NOCYCLE ;
--------------------------------------------------------
--  DDL for Sequence SEQ_RE1
--------------------------------------------------------

   CREATE SEQUENCE  "HWABO"."SEQ_RE1"  MINVALUE 1 MAXVALUE 9999999999999999999999999999 INCREMENT BY 1 START WITH 81 CACHE 20 NOORDER  NOCYCLE ;
--------------------------------------------------------
--  DDL for Sequence SEQ_RE2
--------------------------------------------------------

   CREATE SEQUENCE  "HWABO"."SEQ_RE2"  MINVALUE 1 MAXVALUE 9999999999999999999999999999 INCREMENT BY 1 START WITH 1 CACHE 20 NOORDER  NOCYCLE ;
--------------------------------------------------------
--  DDL for Sequence SEQ_REPLY
--------------------------------------------------------

   CREATE SEQUENCE  "HWABO"."SEQ_REPLY"  MINVALUE 1 MAXVALUE 9999999999999999999999999999 INCREMENT BY 1 START WITH 1 CACHE 20 NOORDER  NOCYCLE ;
--------------------------------------------------------
--  DDL for Table ADDON
--------------------------------------------------------

  CREATE TABLE "HWABO"."ADDON" 
   (	"CNO" VARCHAR2(50 BYTE), 
	"OFILE1" VARCHAR2(100 BYTE), 
	"RFILE1" VARCHAR2(100 BYTE), 
	"OFILE2" VARCHAR2(100 BYTE), 
	"RFILE2" VARCHAR2(100 BYTE), 
	"OFILE3" VARCHAR2(100 BYTE), 
	"RFILE3" VARCHAR2(100 BYTE)
   ) SEGMENT CREATION IMMEDIATE 
  PCTFREE 10 PCTUSED 40 INITRANS 1 MAXTRANS 255 NOCOMPRESS LOGGING
  STORAGE(INITIAL 65536 NEXT 1048576 MINEXTENTS 1 MAXEXTENTS 2147483645
  PCTINCREASE 0 FREELISTS 1 FREELIST GROUPS 1 BUFFER_POOL DEFAULT FLASH_CACHE DEFAULT CELL_FLASH_CACHE DEFAULT)
  TABLESPACE "SYSTEM" ;

   COMMENT ON COLUMN "HWABO"."ADDON"."CNO" IS '게시글 번호';
   COMMENT ON COLUMN "HWABO"."ADDON"."OFILE1" IS '원본파일명1';
   COMMENT ON COLUMN "HWABO"."ADDON"."RFILE1" IS '서버저장파일명1';
   COMMENT ON COLUMN "HWABO"."ADDON"."OFILE2" IS '원본파일명3';
   COMMENT ON COLUMN "HWABO"."ADDON"."RFILE2" IS '서버저장파일명3';
--------------------------------------------------------
--  DDL for Table ADDTAG
--------------------------------------------------------

  CREATE TABLE "HWABO"."ADDTAG" 
   (	"CNO" VARCHAR2(30 BYTE), 
	"TAGID" VARCHAR2(100 BYTE)
   ) SEGMENT CREATION IMMEDIATE 
  PCTFREE 10 PCTUSED 40 INITRANS 1 MAXTRANS 255 NOCOMPRESS LOGGING
  STORAGE(INITIAL 65536 NEXT 1048576 MINEXTENTS 1 MAXEXTENTS 2147483645
  PCTINCREASE 0 FREELISTS 1 FREELIST GROUPS 1 BUFFER_POOL DEFAULT FLASH_CACHE DEFAULT CELL_FLASH_CACHE DEFAULT)
  TABLESPACE "SYSTEM" ;

   COMMENT ON COLUMN "HWABO"."ADDTAG"."CNO" IS '태그한 게시글 번호';
   COMMENT ON COLUMN "HWABO"."ADDTAG"."TAGID" IS '태그 아이디';
--------------------------------------------------------
--  DDL for Table ALARM
--------------------------------------------------------

  CREATE TABLE "HWABO"."ALARM" 
   (	"NO" VARCHAR2(30 BYTE), 
	"ID" VARCHAR2(30 BYTE), 
	"STITLE" VARCHAR2(200 BYTE), 
	"CTITLE" VARCHAR2(200 BYTE), 
	"VTITLE" VARCHAR2(200 BYTE), 
	"DTITLE" VARCHAR2(200 BYTE), 
	"BTITLE" VARCHAR2(200 BYTE), 
	"ALARMCHECK" VARCHAR2(30 BYTE)
   ) SEGMENT CREATION IMMEDIATE 
  PCTFREE 10 PCTUSED 40 INITRANS 1 MAXTRANS 255 NOCOMPRESS LOGGING
  STORAGE(INITIAL 65536 NEXT 1048576 MINEXTENTS 1 MAXEXTENTS 2147483645
  PCTINCREASE 0 FREELISTS 1 FREELIST GROUPS 1 BUFFER_POOL DEFAULT FLASH_CACHE DEFAULT CELL_FLASH_CACHE DEFAULT)
  TABLESPACE "SYSTEM" ;

   COMMENT ON COLUMN "HWABO"."ALARM"."NO" IS '번호';
   COMMENT ON COLUMN "HWABO"."ALARM"."ID" IS '사용자번호';
   COMMENT ON COLUMN "HWABO"."ALARM"."STITLE" IS '일정게시글';
   COMMENT ON COLUMN "HWABO"."ALARM"."CTITLE" IS '일반게시글';
   COMMENT ON COLUMN "HWABO"."ALARM"."VTITLE" IS '투표게시글';
   COMMENT ON COLUMN "HWABO"."ALARM"."DTITLE" IS '할일게시글';
   COMMENT ON COLUMN "HWABO"."ALARM"."BTITLE" IS '업무게시글';
   COMMENT ON COLUMN "HWABO"."ALARM"."ALARMCHECK" IS '알림 체크';
--------------------------------------------------------
--  DDL for Table BPOST
--------------------------------------------------------

  CREATE TABLE "HWABO"."BPOST" 
   (	"BNO" VARCHAR2(50 BYTE), 
	"BTITLE" VARCHAR2(200 BYTE), 
	"BUCODE" VARCHAR2(30 BYTE), 
	"BWRITER" VARCHAR2(30 BYTE), 
	"BSTARTDAY" DATE, 
	"BENDDAY" DATE, 
	"BKIND" VARCHAR2(50 BYTE), 
	"BCHARGE" VARCHAR2(100 BYTE), 
	"BCONTENT" VARCHAR2(2000 BYTE), 
	"BENROLLDATE" DATE DEFAULT sysdate, 
	"BOPEN" VARCHAR2(10 BYTE), 
	"BRENAMEFILE" VARCHAR2(200 BYTE), 
	"BORIGINFILE" VARCHAR2(200 BYTE), 
	"BPNUM" VARCHAR2(50 BYTE), 
	"BCHARGENAME" VARCHAR2(50 BYTE)
   ) SEGMENT CREATION IMMEDIATE 
  PCTFREE 10 PCTUSED 40 INITRANS 1 MAXTRANS 255 NOCOMPRESS LOGGING
  STORAGE(INITIAL 65536 NEXT 1048576 MINEXTENTS 1 MAXEXTENTS 2147483645
  PCTINCREASE 0 FREELISTS 1 FREELIST GROUPS 1 BUFFER_POOL DEFAULT FLASH_CACHE DEFAULT CELL_FLASH_CACHE DEFAULT)
  TABLESPACE "SYSTEM" ;

   COMMENT ON COLUMN "HWABO"."BPOST"."BNO" IS '번호';
   COMMENT ON COLUMN "HWABO"."BPOST"."BTITLE" IS '제목';
   COMMENT ON COLUMN "HWABO"."BPOST"."BUCODE" IS '작성자코드';
   COMMENT ON COLUMN "HWABO"."BPOST"."BWRITER" IS '작성자';
   COMMENT ON COLUMN "HWABO"."BPOST"."BSTARTDAY" IS '시작날짜';
   COMMENT ON COLUMN "HWABO"."BPOST"."BENDDAY" IS '끝 날짜';
   COMMENT ON COLUMN "HWABO"."BPOST"."BKIND" IS '업무종류';
   COMMENT ON COLUMN "HWABO"."BPOST"."BCHARGE" IS '담당자';
   COMMENT ON COLUMN "HWABO"."BPOST"."BCONTENT" IS '내용';
   COMMENT ON COLUMN "HWABO"."BPOST"."BENROLLDATE" IS '등록일';
   COMMENT ON COLUMN "HWABO"."BPOST"."BOPEN" IS '공개여부';
   COMMENT ON COLUMN "HWABO"."BPOST"."BRENAMEFILE" IS '서버파일명';
   COMMENT ON COLUMN "HWABO"."BPOST"."BORIGINFILE" IS '원본파일명';
   COMMENT ON COLUMN "HWABO"."BPOST"."BPNUM" IS '프로젝트번호';
   COMMENT ON COLUMN "HWABO"."BPOST"."BCHARGENAME" IS '담당자이름';
--------------------------------------------------------
--  DDL for Table CABINET
--------------------------------------------------------

  CREATE TABLE "HWABO"."CABINET" 
   (	"UCODE" VARCHAR2(20 BYTE), 
	"NO" VARCHAR2(50 BYTE), 
	"ENROLLDATE" DATE DEFAULT sysdate, 
	"PNUM" VARCHAR2(50 BYTE)
   ) SEGMENT CREATION IMMEDIATE 
  PCTFREE 10 PCTUSED 40 INITRANS 1 MAXTRANS 255 NOCOMPRESS LOGGING
  STORAGE(INITIAL 65536 NEXT 1048576 MINEXTENTS 1 MAXEXTENTS 2147483645
  PCTINCREASE 0 FREELISTS 1 FREELIST GROUPS 1 BUFFER_POOL DEFAULT FLASH_CACHE DEFAULT CELL_FLASH_CACHE DEFAULT)
  TABLESPACE "SYSTEM" ;

   COMMENT ON COLUMN "HWABO"."CABINET"."UCODE" IS '유저번호';
   COMMENT ON COLUMN "HWABO"."CABINET"."NO" IS '게시글번호';
   COMMENT ON COLUMN "HWABO"."CABINET"."ENROLLDATE" IS '보관날짜';
   COMMENT ON COLUMN "HWABO"."CABINET"."PNUM" IS '프로젝트번호';
--------------------------------------------------------
--  DDL for Table CALENDAR
--------------------------------------------------------

  CREATE TABLE "HWABO"."CALENDAR" 
   (	"CALNO" VARCHAR2(200 BYTE), 
	"PNUM" VARCHAR2(200 BYTE), 
	"UCODE" VARCHAR2(200 BYTE), 
	"UNAME" VARCHAR2(200 BYTE), 
	"ENROLLDATE" DATE DEFAULT sysdate, 
	"TITLE" VARCHAR2(200 BYTE), 
	"START_DATE" VARCHAR2(200 BYTE) DEFAULT sysdate, 
	"END_DATE" VARCHAR2(200 BYTE) DEFAULT sysdate, 
	"ALLDAY" VARCHAR2(100 BYTE) DEFAULT 1
   ) SEGMENT CREATION IMMEDIATE 
  PCTFREE 10 PCTUSED 40 INITRANS 1 MAXTRANS 255 NOCOMPRESS LOGGING
  STORAGE(INITIAL 65536 NEXT 1048576 MINEXTENTS 1 MAXEXTENTS 2147483645
  PCTINCREASE 0 FREELISTS 1 FREELIST GROUPS 1 BUFFER_POOL DEFAULT FLASH_CACHE DEFAULT CELL_FLASH_CACHE DEFAULT)
  TABLESPACE "SYSTEM" ;
--------------------------------------------------------
--  DDL for Table CHAT
--------------------------------------------------------

  CREATE TABLE "HWABO"."CHAT" 
   (	"NO" VARCHAR2(50 BYTE), 
	"PARTICIPANT" VARCHAR2(500 BYTE), 
	"MAKER" VARCHAR2(30 BYTE), 
	"CHATDATE" DATE DEFAULT sysdate, 
	"IMAGES" VARCHAR2(500 BYTE), 
	"ORIGINALFILE" VARCHAR2(500 BYTE), 
	"RENAMEFILE" VARCHAR2(500 BYTE), 
	"CONTENT" VARCHAR2(2000 BYTE)
   ) SEGMENT CREATION IMMEDIATE 
  PCTFREE 10 PCTUSED 40 INITRANS 1 MAXTRANS 255 NOCOMPRESS LOGGING
  STORAGE(INITIAL 65536 NEXT 1048576 MINEXTENTS 1 MAXEXTENTS 2147483645
  PCTINCREASE 0 FREELISTS 1 FREELIST GROUPS 1 BUFFER_POOL DEFAULT FLASH_CACHE DEFAULT CELL_FLASH_CACHE DEFAULT)
  TABLESPACE "SYSTEM" ;

   COMMENT ON COLUMN "HWABO"."CHAT"."NO" IS '번호';
   COMMENT ON COLUMN "HWABO"."CHAT"."PARTICIPANT" IS '채팅참여자';
   COMMENT ON COLUMN "HWABO"."CHAT"."MAKER" IS '채팅방장';
   COMMENT ON COLUMN "HWABO"."CHAT"."CHATDATE" IS '작성날짜시간';
   COMMENT ON COLUMN "HWABO"."CHAT"."IMAGES" IS '사진';
   COMMENT ON COLUMN "HWABO"."CHAT"."ORIGINALFILE" IS '원본파일';
   COMMENT ON COLUMN "HWABO"."CHAT"."RENAMEFILE" IS '수정파일';
   COMMENT ON COLUMN "HWABO"."CHAT"."CONTENT" IS '채팅내용';
--------------------------------------------------------
--  DDL for Table CHATTING
--------------------------------------------------------

  CREATE TABLE "HWABO"."CHATTING" 
   (	"UCODE" VARCHAR2(20 BYTE), 
	"PROJECT_NUM" VARCHAR2(50 BYTE), 
	"PROJECT_NAME" VARCHAR2(2000 BYTE), 
	"UNAME" VARCHAR2(30 BYTE), 
	"CONTENT" VARCHAR2(2000 BYTE), 
	"CHAT_TIME" TIMESTAMP (6) DEFAULT sysdate, 
	"ORIGNAL_FILE" VARCHAR2(2000 BYTE), 
	"RENAME_FILE" VARCHAR2(2000 BYTE)
   ) SEGMENT CREATION IMMEDIATE 
  PCTFREE 10 PCTUSED 40 INITRANS 1 MAXTRANS 255 NOCOMPRESS LOGGING
  STORAGE(INITIAL 65536 NEXT 1048576 MINEXTENTS 1 MAXEXTENTS 2147483645
  PCTINCREASE 0 FREELISTS 1 FREELIST GROUPS 1 BUFFER_POOL DEFAULT FLASH_CACHE DEFAULT CELL_FLASH_CACHE DEFAULT)
  TABLESPACE "SYSTEM" ;
--------------------------------------------------------
--  DDL for Table CHAT_SPEED
--------------------------------------------------------

  CREATE TABLE "HWABO"."CHAT_SPEED" 
   (	"SPEED" NUMBER, 
	"FK" VARCHAR2(100 BYTE)
   ) SEGMENT CREATION IMMEDIATE 
  PCTFREE 10 PCTUSED 40 INITRANS 1 MAXTRANS 255 NOCOMPRESS LOGGING
  STORAGE(INITIAL 65536 NEXT 1048576 MINEXTENTS 1 MAXEXTENTS 2147483645
  PCTINCREASE 0 FREELISTS 1 FREELIST GROUPS 1 BUFFER_POOL DEFAULT FLASH_CACHE DEFAULT CELL_FLASH_CACHE DEFAULT)
  TABLESPACE "SYSTEM" ;
--------------------------------------------------------
--  DDL for Table CPOST
--------------------------------------------------------

  CREATE TABLE "HWABO"."CPOST" 
   (	"CNO" VARCHAR2(50 BYTE), 
	"CPNUM" VARCHAR2(20 BYTE), 
	"CTITLE" VARCHAR2(100 BYTE), 
	"CUCODE" VARCHAR2(20 BYTE), 
	"CWRITER" VARCHAR2(30 BYTE), 
	"CCONTENT" VARCHAR2(2000 BYTE), 
	"CENROLLDATE" DATE DEFAULT SYSDATE, 
	"COPEN" VARCHAR2(1 BYTE), 
	"HASHTAGS" VARCHAR2(100 BYTE), 
	"MENTIONS" VARCHAR2(100 BYTE)
   ) SEGMENT CREATION IMMEDIATE 
  PCTFREE 10 PCTUSED 40 INITRANS 1 MAXTRANS 255 NOCOMPRESS LOGGING
  STORAGE(INITIAL 65536 NEXT 1048576 MINEXTENTS 1 MAXEXTENTS 2147483645
  PCTINCREASE 0 FREELISTS 1 FREELIST GROUPS 1 BUFFER_POOL DEFAULT FLASH_CACHE DEFAULT CELL_FLASH_CACHE DEFAULT)
  TABLESPACE "SYSTEM" ;

   COMMENT ON COLUMN "HWABO"."CPOST"."CNO" IS '게시글 번호';
   COMMENT ON COLUMN "HWABO"."CPOST"."CPNUM" IS '프로젝트 번호';
   COMMENT ON COLUMN "HWABO"."CPOST"."CTITLE" IS '제목';
   COMMENT ON COLUMN "HWABO"."CPOST"."CUCODE" IS '사용자 번호';
   COMMENT ON COLUMN "HWABO"."CPOST"."CWRITER" IS '작성자';
   COMMENT ON COLUMN "HWABO"."CPOST"."CCONTENT" IS '내용';
   COMMENT ON COLUMN "HWABO"."CPOST"."CENROLLDATE" IS '등록일';
   COMMENT ON COLUMN "HWABO"."CPOST"."COPEN" IS '공개여부';
   COMMENT ON COLUMN "HWABO"."CPOST"."HASHTAGS" IS '해시태그';
   COMMENT ON COLUMN "HWABO"."CPOST"."MENTIONS" IS '멘션';
--------------------------------------------------------
--  DDL for Table CPROJECT
--------------------------------------------------------

  CREATE TABLE "HWABO"."CPROJECT" 
   (	"PROJECTNAME" VARCHAR2(200 BYTE), 
	"WAUTHORITY" CHAR(1 BYTE), 
	"LAUTHORITY" CHAR(1 BYTE), 
	"DAUTHORITY" CHAR(1 BYTE)
   ) SEGMENT CREATION IMMEDIATE 
  PCTFREE 10 PCTUSED 40 INITRANS 1 MAXTRANS 255 NOCOMPRESS LOGGING
  STORAGE(INITIAL 65536 NEXT 1048576 MINEXTENTS 1 MAXEXTENTS 2147483645
  PCTINCREASE 0 FREELISTS 1 FREELIST GROUPS 1 BUFFER_POOL DEFAULT FLASH_CACHE DEFAULT CELL_FLASH_CACHE DEFAULT)
  TABLESPACE "SYSTEM" ;

   COMMENT ON COLUMN "HWABO"."CPROJECT"."PROJECTNAME" IS '프로젝트명';
   COMMENT ON COLUMN "HWABO"."CPROJECT"."WAUTHORITY" IS '글/댓글작성권한';
   COMMENT ON COLUMN "HWABO"."CPROJECT"."LAUTHORITY" IS '글조회권한';
   COMMENT ON COLUMN "HWABO"."CPROJECT"."DAUTHORITY" IS '파일다운로드권한';
--------------------------------------------------------
--  DDL for Table DOPOST
--------------------------------------------------------

  CREATE TABLE "HWABO"."DOPOST" 
   (	"DNO" VARCHAR2(50 BYTE), 
	"DTITLE" VARCHAR2(200 BYTE), 
	"DUCODE" VARCHAR2(30 BYTE), 
	"DWRITER" VARCHAR2(30 BYTE), 
	"DCONTENT" VARCHAR2(700 BYTE), 
	"DENROLLDATE" DATE DEFAULT SYSDATE, 
	"DOPEN" VARCHAR2(10 BYTE), 
	"DPNUM" VARCHAR2(50 BYTE)
   ) SEGMENT CREATION IMMEDIATE 
  PCTFREE 10 PCTUSED 40 INITRANS 1 MAXTRANS 255 NOCOMPRESS LOGGING
  STORAGE(INITIAL 65536 NEXT 1048576 MINEXTENTS 1 MAXEXTENTS 2147483645
  PCTINCREASE 0 FREELISTS 1 FREELIST GROUPS 1 BUFFER_POOL DEFAULT FLASH_CACHE DEFAULT CELL_FLASH_CACHE DEFAULT)
  TABLESPACE "SYSTEM" ;

   COMMENT ON COLUMN "HWABO"."DOPOST"."DNO" IS '글번호';
   COMMENT ON COLUMN "HWABO"."DOPOST"."DTITLE" IS '제목';
   COMMENT ON COLUMN "HWABO"."DOPOST"."DUCODE" IS '사용자번호';
   COMMENT ON COLUMN "HWABO"."DOPOST"."DWRITER" IS '글쓴이';
   COMMENT ON COLUMN "HWABO"."DOPOST"."DCONTENT" IS '할일';
   COMMENT ON COLUMN "HWABO"."DOPOST"."DENROLLDATE" IS '작성날짜';
   COMMENT ON COLUMN "HWABO"."DOPOST"."DOPEN" IS '공개여부';
   COMMENT ON COLUMN "HWABO"."DOPOST"."DPNUM" IS '프로젝트번호';
--------------------------------------------------------
--  DDL for Table FILEBOX
--------------------------------------------------------

  CREATE TABLE "HWABO"."FILEBOX" 
   (	"FILERENAME" VARCHAR2(200 BYTE), 
	"FILEORIGINNAME" VARCHAR2(200 BYTE), 
	"KB" VARCHAR2(100 BYTE), 
	"KIND" VARCHAR2(100 BYTE), 
	"FWRITER" VARCHAR2(100 BYTE), 
	"POSTNO" VARCHAR2(100 BYTE), 
	"ENROLLDATE" DATE DEFAULT sysdate, 
	"PNUM" VARCHAR2(100 BYTE)
   ) SEGMENT CREATION IMMEDIATE 
  PCTFREE 10 PCTUSED 40 INITRANS 1 MAXTRANS 255 NOCOMPRESS LOGGING
  STORAGE(INITIAL 65536 NEXT 1048576 MINEXTENTS 1 MAXEXTENTS 2147483645
  PCTINCREASE 0 FREELISTS 1 FREELIST GROUPS 1 BUFFER_POOL DEFAULT FLASH_CACHE DEFAULT CELL_FLASH_CACHE DEFAULT)
  TABLESPACE "SYSTEM" ;

   COMMENT ON COLUMN "HWABO"."FILEBOX"."FILERENAME" IS '서버파일명';
   COMMENT ON COLUMN "HWABO"."FILEBOX"."FILEORIGINNAME" IS '원본파일명';
   COMMENT ON COLUMN "HWABO"."FILEBOX"."KB" IS '파일크기';
   COMMENT ON COLUMN "HWABO"."FILEBOX"."KIND" IS '확장자종류';
   COMMENT ON COLUMN "HWABO"."FILEBOX"."FWRITER" IS '작성자';
   COMMENT ON COLUMN "HWABO"."FILEBOX"."POSTNO" IS '원게시글번호';
   COMMENT ON COLUMN "HWABO"."FILEBOX"."ENROLLDATE" IS '등록일';
   COMMENT ON COLUMN "HWABO"."FILEBOX"."PNUM" IS '프로젝트번호';
--------------------------------------------------------
--  DDL for Table HASHTAG
--------------------------------------------------------

  CREATE TABLE "HWABO"."HASHTAG" 
   (	"TAGID" VARCHAR2(100 BYTE), 
	"TAGNAME" VARCHAR2(100 BYTE)
   ) SEGMENT CREATION IMMEDIATE 
  PCTFREE 10 PCTUSED 40 INITRANS 1 MAXTRANS 255 NOCOMPRESS LOGGING
  STORAGE(INITIAL 65536 NEXT 1048576 MINEXTENTS 1 MAXEXTENTS 2147483645
  PCTINCREASE 0 FREELISTS 1 FREELIST GROUPS 1 BUFFER_POOL DEFAULT FLASH_CACHE DEFAULT CELL_FLASH_CACHE DEFAULT)
  TABLESPACE "SYSTEM" ;

   COMMENT ON COLUMN "HWABO"."HASHTAG"."TAGID" IS '태그 아이디';
   COMMENT ON COLUMN "HWABO"."HASHTAG"."TAGNAME" IS '태그명';
--------------------------------------------------------
--  DDL for Table INVITE
--------------------------------------------------------

  CREATE TABLE "HWABO"."INVITE" 
   (	"INVTKEY" VARCHAR2(60 BYTE), 
	"UCODE" VARCHAR2(20 BYTE), 
	"PNUM" VARCHAR2(20 BYTE), 
	"INVTEMAIL" VARCHAR2(100 BYTE), 
	"INVTUSE" VARCHAR2(30 BYTE) DEFAULT 'N', 
	"EXPRTDATE" DATE DEFAULT (SYSDATE+2)
   ) SEGMENT CREATION IMMEDIATE 
  PCTFREE 10 PCTUSED 40 INITRANS 1 MAXTRANS 255 NOCOMPRESS LOGGING
  STORAGE(INITIAL 65536 NEXT 1048576 MINEXTENTS 1 MAXEXTENTS 2147483645
  PCTINCREASE 0 FREELISTS 1 FREELIST GROUPS 1 BUFFER_POOL DEFAULT FLASH_CACHE DEFAULT CELL_FLASH_CACHE DEFAULT)
  TABLESPACE "SYSTEM" ;

   COMMENT ON COLUMN "HWABO"."INVITE"."INVTKEY" IS '초대장 식별키';
   COMMENT ON COLUMN "HWABO"."INVITE"."UCODE" IS '초대를 보낸 사용자 번호';
   COMMENT ON COLUMN "HWABO"."INVITE"."INVTEMAIL" IS '초대를 받는 이메일 주소';
   COMMENT ON COLUMN "HWABO"."INVITE"."INVTUSE" IS '초대장 사용여부';
   COMMENT ON COLUMN "HWABO"."INVITE"."EXPRTDATE" IS '만료일';
--------------------------------------------------------
--  DDL for Table LANGUAGE
--------------------------------------------------------

  CREATE TABLE "HWABO"."LANGUAGE" 
   (	"PAGELANGUAGE" VARCHAR2(500 BYTE), 
	"ID" VARCHAR2(30 BYTE)
   ) SEGMENT CREATION IMMEDIATE 
  PCTFREE 10 PCTUSED 40 INITRANS 1 MAXTRANS 255 NOCOMPRESS LOGGING
  STORAGE(INITIAL 65536 NEXT 1048576 MINEXTENTS 1 MAXEXTENTS 2147483645
  PCTINCREASE 0 FREELISTS 1 FREELIST GROUPS 1 BUFFER_POOL DEFAULT FLASH_CACHE DEFAULT CELL_FLASH_CACHE DEFAULT)
  TABLESPACE "SYSTEM" ;

   COMMENT ON COLUMN "HWABO"."LANGUAGE"."PAGELANGUAGE" IS '페이지언어';
   COMMENT ON COLUMN "HWABO"."LANGUAGE"."ID" IS '사용자번호';
--------------------------------------------------------
--  DDL for Table LOVE
--------------------------------------------------------

  CREATE TABLE "HWABO"."LOVE" 
   (	"NO" VARCHAR2(100 BYTE), 
	"UCODE" VARCHAR2(20 BYTE)
   ) SEGMENT CREATION IMMEDIATE 
  PCTFREE 10 PCTUSED 40 INITRANS 1 MAXTRANS 255 NOCOMPRESS LOGGING
  STORAGE(INITIAL 65536 NEXT 1048576 MINEXTENTS 1 MAXEXTENTS 2147483645
  PCTINCREASE 0 FREELISTS 1 FREELIST GROUPS 1 BUFFER_POOL DEFAULT FLASH_CACHE DEFAULT CELL_FLASH_CACHE DEFAULT)
  TABLESPACE "SYSTEM" ;
--------------------------------------------------------
--  DDL for Table MEMBER
--------------------------------------------------------

  CREATE TABLE "HWABO"."MEMBER" 
   (	"UCODE" VARCHAR2(20 BYTE), 
	"UEMAIL" VARCHAR2(100 BYTE), 
	"UPWD" VARCHAR2(60 BYTE), 
	"UNAME" VARCHAR2(30 BYTE), 
	"UPHONE" VARCHAR2(20 BYTE), 
	"UGROUP" VARCHAR2(100 BYTE), 
	"UROLE" VARCHAR2(100 BYTE), 
	"UST" VARCHAR2(1 BYTE) DEFAULT 'N', 
	"UCERT" VARCHAR2(1 BYTE) DEFAULT 'N', 
	"UDATE" DATE DEFAULT SYSDATE, 
	"SIGNTYPE" VARCHAR2(30 BYTE), 
	"ACCESSTOKEN" VARCHAR2(100 BYTE), 
	"UIMG" VARCHAR2(255 BYTE), 
	"UACTIVE" VARCHAR2(1 BYTE)
   ) SEGMENT CREATION IMMEDIATE 
  PCTFREE 10 PCTUSED 40 INITRANS 1 MAXTRANS 255 NOCOMPRESS LOGGING
  STORAGE(INITIAL 65536 NEXT 1048576 MINEXTENTS 1 MAXEXTENTS 2147483645
  PCTINCREASE 0 FREELISTS 1 FREELIST GROUPS 1 BUFFER_POOL DEFAULT FLASH_CACHE DEFAULT CELL_FLASH_CACHE DEFAULT)
  TABLESPACE "SYSTEM" ;

   COMMENT ON COLUMN "HWABO"."MEMBER"."UCODE" IS '사용자번호';
   COMMENT ON COLUMN "HWABO"."MEMBER"."UEMAIL" IS '이메일';
   COMMENT ON COLUMN "HWABO"."MEMBER"."UPWD" IS '비밀번호';
   COMMENT ON COLUMN "HWABO"."MEMBER"."UNAME" IS '이름';
   COMMENT ON COLUMN "HWABO"."MEMBER"."UPHONE" IS '핸드폰';
   COMMENT ON COLUMN "HWABO"."MEMBER"."UGROUP" IS '소속';
   COMMENT ON COLUMN "HWABO"."MEMBER"."UROLE" IS '역할';
   COMMENT ON COLUMN "HWABO"."MEMBER"."UST" IS '계정상태';
   COMMENT ON COLUMN "HWABO"."MEMBER"."UCERT" IS '이메일 인증여부';
   COMMENT ON COLUMN "HWABO"."MEMBER"."UDATE" IS '사용자 등록일자';
   COMMENT ON COLUMN "HWABO"."MEMBER"."SIGNTYPE" IS '회원가입 타입';
   COMMENT ON COLUMN "HWABO"."MEMBER"."ACCESSTOKEN" IS '인증키(sns가입자)';
   COMMENT ON COLUMN "HWABO"."MEMBER"."UIMG" IS '내 정보 이미지';
   COMMENT ON COLUMN "HWABO"."MEMBER"."UACTIVE" IS '접속여부';
--------------------------------------------------------
--  DDL for Table NOTE
--------------------------------------------------------

  CREATE TABLE "HWABO"."NOTE" 
   (	"NOTENO" VARCHAR2(30 BYTE), 
	"UCODE" VARCHAR2(30 BYTE), 
	"NCONTENT" VARCHAR2(2000 BYTE), 
	"FILERENAME" VARCHAR2(200 BYTE), 
	"FILEORIGINNAME" VARCHAR2(200 BYTE), 
	"NOTEDATE" DATE
   ) SEGMENT CREATION IMMEDIATE 
  PCTFREE 10 PCTUSED 40 INITRANS 1 MAXTRANS 255 NOCOMPRESS LOGGING
  STORAGE(INITIAL 65536 NEXT 1048576 MINEXTENTS 1 MAXEXTENTS 2147483645
  PCTINCREASE 0 FREELISTS 1 FREELIST GROUPS 1 BUFFER_POOL DEFAULT FLASH_CACHE DEFAULT CELL_FLASH_CACHE DEFAULT)
  TABLESPACE "SYSTEM" ;

   COMMENT ON COLUMN "HWABO"."NOTE"."NOTENO" IS '노트번호';
   COMMENT ON COLUMN "HWABO"."NOTE"."UCODE" IS '유저아이디';
   COMMENT ON COLUMN "HWABO"."NOTE"."NCONTENT" IS '내용';
   COMMENT ON COLUMN "HWABO"."NOTE"."FILERENAME" IS '서버파일명';
   COMMENT ON COLUMN "HWABO"."NOTE"."FILEORIGINNAME" IS '원본파일명';
   COMMENT ON COLUMN "HWABO"."NOTE"."NOTEDATE" IS '등록일';
--------------------------------------------------------
--  DDL for Table PJMEMBER
--------------------------------------------------------

  CREATE TABLE "HWABO"."PJMEMBER" 
   (	"PNUM" VARCHAR2(20 BYTE), 
	"UCODE" VARCHAR2(20 BYTE), 
	"PJADMIN" VARCHAR2(1 BYTE) DEFAULT '2'
   ) SEGMENT CREATION IMMEDIATE 
  PCTFREE 10 PCTUSED 40 INITRANS 1 MAXTRANS 255 NOCOMPRESS LOGGING
  STORAGE(INITIAL 65536 NEXT 1048576 MINEXTENTS 1 MAXEXTENTS 2147483645
  PCTINCREASE 0 FREELISTS 1 FREELIST GROUPS 1 BUFFER_POOL DEFAULT FLASH_CACHE DEFAULT CELL_FLASH_CACHE DEFAULT)
  TABLESPACE "SYSTEM" ;

   COMMENT ON COLUMN "HWABO"."PJMEMBER"."PNUM" IS '프로젝트 번호';
   COMMENT ON COLUMN "HWABO"."PJMEMBER"."UCODE" IS '사용자 번호';
--------------------------------------------------------
--  DDL for Table PMANAGE
--------------------------------------------------------

  CREATE TABLE "HWABO"."PMANAGE" 
   (	"URLNAME" VARCHAR2(200 BYTE), 
	"PNAME" VARCHAR2(200 BYTE)
   ) SEGMENT CREATION IMMEDIATE 
  PCTFREE 10 PCTUSED 40 INITRANS 1 MAXTRANS 255 NOCOMPRESS LOGGING
  STORAGE(INITIAL 65536 NEXT 1048576 MINEXTENTS 1 MAXEXTENTS 2147483645
  PCTINCREASE 0 FREELISTS 1 FREELIST GROUPS 1 BUFFER_POOL DEFAULT FLASH_CACHE DEFAULT CELL_FLASH_CACHE DEFAULT)
  TABLESPACE "SYSTEM" ;

   COMMENT ON COLUMN "HWABO"."PMANAGE"."URLNAME" IS '전용URL';
   COMMENT ON COLUMN "HWABO"."PMANAGE"."PNAME" IS '프로젝트명';
--------------------------------------------------------
--  DDL for Table POSTREPLY
--------------------------------------------------------

  CREATE TABLE "HWABO"."POSTREPLY" 
   (	"REPLYNO" VARCHAR2(100 BYTE), 
	"NO" VARCHAR2(100 BYTE), 
	"CONTENT" VARCHAR2(1000 BYTE), 
	"UCODE" VARCHAR2(20 BYTE), 
	"UNAME" VARCHAR2(30 BYTE), 
	"ENROLLDATE" DATE, 
	"PARENTSNO" VARCHAR2(50 BYTE), 
	"SESONDENROLL" DATE DEFAULT sysdate, 
	"KIND" NUMBER DEFAULT 0
   ) SEGMENT CREATION IMMEDIATE 
  PCTFREE 10 PCTUSED 40 INITRANS 1 MAXTRANS 255 NOCOMPRESS LOGGING
  STORAGE(INITIAL 65536 NEXT 1048576 MINEXTENTS 1 MAXEXTENTS 2147483645
  PCTINCREASE 0 FREELISTS 1 FREELIST GROUPS 1 BUFFER_POOL DEFAULT FLASH_CACHE DEFAULT CELL_FLASH_CACHE DEFAULT)
  TABLESPACE "SYSTEM" ;
--------------------------------------------------------
--  DDL for Table PROGRESS
--------------------------------------------------------

  CREATE TABLE "HWABO"."PROGRESS" 
   (	"UCODE" VARCHAR2(50 BYTE), 
	"PROJECT_NUM" VARCHAR2(50 BYTE), 
	"NAME" VARCHAR2(200 BYTE), 
	"GOAL" NUMBER DEFAULT 0, 
	"DONE" NUMBER DEFAULT 0, 
	"TITLE" VARCHAR2(200 BYTE), 
	"CONTENT" VARCHAR2(2000 BYTE)
   ) SEGMENT CREATION IMMEDIATE 
  PCTFREE 10 PCTUSED 40 INITRANS 1 MAXTRANS 255 NOCOMPRESS LOGGING
  STORAGE(INITIAL 65536 NEXT 1048576 MINEXTENTS 1 MAXEXTENTS 2147483645
  PCTINCREASE 0 FREELISTS 1 FREELIST GROUPS 1 BUFFER_POOL DEFAULT FLASH_CACHE DEFAULT CELL_FLASH_CACHE DEFAULT)
  TABLESPACE "SYSTEM" ;

   COMMENT ON COLUMN "HWABO"."PROGRESS"."UCODE" IS '참여회원ID ';
   COMMENT ON COLUMN "HWABO"."PROGRESS"."PROJECT_NUM" IS '프로젝트고유번호 ';
   COMMENT ON COLUMN "HWABO"."PROGRESS"."NAME" IS '참여회원이름 ';
   COMMENT ON COLUMN "HWABO"."PROGRESS"."GOAL" IS '목표 수 ';
   COMMENT ON COLUMN "HWABO"."PROGRESS"."DONE" IS '달성 수 ';
   COMMENT ON COLUMN "HWABO"."PROGRESS"."TITLE" IS '목표제목 ';
   COMMENT ON COLUMN "HWABO"."PROGRESS"."CONTENT" IS '목표내용 ';
--------------------------------------------------------
--  DDL for Table PROJECT
--------------------------------------------------------

  CREATE TABLE "HWABO"."PROJECT" 
   (	"PROJECT_NUM" VARCHAR2(50 BYTE), 
	"NAME" VARCHAR2(200 BYTE), 
	"EXPLAIN" VARCHAR2(500 BYTE) DEFAULT '내용 없음', 
	"STARTDAY" DATE DEFAULT sysdate, 
	"ENDDAY" DATE DEFAULT sysdate, 
	"UPLOADDATE" DATE DEFAULT sysdate, 
	"OPEN" VARCHAR2(1000 BYTE) DEFAULT NULL, 
	"GOAL" NUMBER DEFAULT 5, 
	"DONE" NUMBER DEFAULT 0, 
	"RIGHT" NUMBER DEFAULT 0, 
	"ORDER_BY" VARCHAR2(2000 BYTE)
   ) SEGMENT CREATION IMMEDIATE 
  PCTFREE 10 PCTUSED 40 INITRANS 1 MAXTRANS 255 NOCOMPRESS LOGGING
  STORAGE(INITIAL 65536 NEXT 1048576 MINEXTENTS 1 MAXEXTENTS 2147483645
  PCTINCREASE 0 FREELISTS 1 FREELIST GROUPS 1 BUFFER_POOL DEFAULT FLASH_CACHE DEFAULT CELL_FLASH_CACHE DEFAULT)
  TABLESPACE "SYSTEM" ;

   COMMENT ON COLUMN "HWABO"."PROJECT"."PROJECT_NUM" IS '프로젝트 고유번호 ';
   COMMENT ON COLUMN "HWABO"."PROJECT"."NAME" IS '프로젝트 이름 ';
   COMMENT ON COLUMN "HWABO"."PROJECT"."EXPLAIN" IS '프로젝트 설명 ';
   COMMENT ON COLUMN "HWABO"."PROJECT"."STARTDAY" IS '시작날짜 ';
   COMMENT ON COLUMN "HWABO"."PROJECT"."ENDDAY" IS '끝날짜 ';
   COMMENT ON COLUMN "HWABO"."PROJECT"."UPLOADDATE" IS '등록일 ';
   COMMENT ON COLUMN "HWABO"."PROJECT"."OPEN" IS '프로젝트 이미지';
   COMMENT ON COLUMN "HWABO"."PROJECT"."GOAL" IS '전체목표 수 ';
   COMMENT ON COLUMN "HWABO"."PROJECT"."DONE" IS '전체달성 수 ';
   COMMENT ON COLUMN "HWABO"."PROJECT"."RIGHT" IS '참여승인 필요 여부 ';
--------------------------------------------------------
--  DDL for Table PROJECTP
--------------------------------------------------------

  CREATE TABLE "HWABO"."PROJECTP" 
   (	"PARTICIPANTSNAME" VARCHAR2(200 BYTE), 
	"ADMINWHETHER" CHAR(1 BYTE)
   ) SEGMENT CREATION IMMEDIATE 
  PCTFREE 10 PCTUSED 40 INITRANS 1 MAXTRANS 255 NOCOMPRESS LOGGING
  STORAGE(INITIAL 65536 NEXT 1048576 MINEXTENTS 1 MAXEXTENTS 2147483645
  PCTINCREASE 0 FREELISTS 1 FREELIST GROUPS 1 BUFFER_POOL DEFAULT FLASH_CACHE DEFAULT CELL_FLASH_CACHE DEFAULT)
  TABLESPACE "SYSTEM" ;

   COMMENT ON COLUMN "HWABO"."PROJECTP"."PARTICIPANTSNAME" IS '참여자명';
   COMMENT ON COLUMN "HWABO"."PROJECTP"."ADMINWHETHER" IS '관리자여부';
--------------------------------------------------------
--  DDL for Table REPLY
--------------------------------------------------------

  CREATE TABLE "HWABO"."REPLY" 
   (	"REPLYNO" VARCHAR2(50 BYTE), 
	"NO" VARCHAR2(50 BYTE), 
	"CONTENT" VARCHAR2(2000 BYTE), 
	"UCODE" VARCHAR2(100 BYTE), 
	"UNAME" VARCHAR2(100 BYTE), 
	"ENROLLDATE" DATE, 
	"SECONDENROLL" DATE, 
	"PARENT" VARCHAR2(50 BYTE), 
	"KIND" VARCHAR2(50 BYTE)
   ) SEGMENT CREATION IMMEDIATE 
  PCTFREE 10 PCTUSED 40 INITRANS 1 MAXTRANS 255 NOCOMPRESS LOGGING
  STORAGE(INITIAL 65536 NEXT 1048576 MINEXTENTS 1 MAXEXTENTS 2147483645
  PCTINCREASE 0 FREELISTS 1 FREELIST GROUPS 1 BUFFER_POOL DEFAULT FLASH_CACHE DEFAULT CELL_FLASH_CACHE DEFAULT)
  TABLESPACE "SYSTEM" ;

   COMMENT ON COLUMN "HWABO"."REPLY"."REPLYNO" IS '댓글번호';
   COMMENT ON COLUMN "HWABO"."REPLY"."NO" IS '게시글번호';
   COMMENT ON COLUMN "HWABO"."REPLY"."CONTENT" IS '내용';
   COMMENT ON COLUMN "HWABO"."REPLY"."UCODE" IS '작성자코드';
   COMMENT ON COLUMN "HWABO"."REPLY"."UNAME" IS '작성자이름';
   COMMENT ON COLUMN "HWABO"."REPLY"."ENROLLDATE" IS '등록일';
   COMMENT ON COLUMN "HWABO"."REPLY"."SECONDENROLL" IS '수정일';
   COMMENT ON COLUMN "HWABO"."REPLY"."PARENT" IS '부모replyno';
--------------------------------------------------------
--  DDL for Table SPOST
--------------------------------------------------------

  CREATE TABLE "HWABO"."SPOST" 
   (	"SNO" VARCHAR2(100 BYTE), 
	"STITLE" VARCHAR2(200 BYTE), 
	"SUCODE" VARCHAR2(20 BYTE), 
	"SWRITER" VARCHAR2(30 BYTE), 
	"SSTARTDAY" DATE, 
	"SENDDAY" DATE, 
	"SPLACE" VARCHAR2(500 BYTE), 
	"SCONTENT" VARCHAR2(700 BYTE), 
	"SENROLLDATE" DATE DEFAULT sysdate, 
	"SOPEN" VARCHAR2(10 BYTE) DEFAULT 'y', 
	"SPNUM" VARCHAR2(50 BYTE)
   ) SEGMENT CREATION IMMEDIATE 
  PCTFREE 10 PCTUSED 40 INITRANS 1 MAXTRANS 255 NOCOMPRESS LOGGING
  STORAGE(INITIAL 65536 NEXT 1048576 MINEXTENTS 1 MAXEXTENTS 2147483645
  PCTINCREASE 0 FREELISTS 1 FREELIST GROUPS 1 BUFFER_POOL DEFAULT FLASH_CACHE DEFAULT CELL_FLASH_CACHE DEFAULT)
  TABLESPACE "SYSTEM" ;

   COMMENT ON COLUMN "HWABO"."SPOST"."SNO" IS '번호';
   COMMENT ON COLUMN "HWABO"."SPOST"."STITLE" IS '제목';
   COMMENT ON COLUMN "HWABO"."SPOST"."SWRITER" IS '작성자';
   COMMENT ON COLUMN "HWABO"."SPOST"."SSTARTDAY" IS '시작날짜';
   COMMENT ON COLUMN "HWABO"."SPOST"."SENDDAY" IS '끝날짜';
   COMMENT ON COLUMN "HWABO"."SPOST"."SPLACE" IS '장소';
   COMMENT ON COLUMN "HWABO"."SPOST"."SCONTENT" IS '메모';
   COMMENT ON COLUMN "HWABO"."SPOST"."SENROLLDATE" IS '등록일';
   COMMENT ON COLUMN "HWABO"."SPOST"."SOPEN" IS '공개여부';
--------------------------------------------------------
--  DDL for Table STAR
--------------------------------------------------------

  CREATE TABLE "HWABO"."STAR" 
   (	"UCODE" VARCHAR2(50 BYTE), 
	"STAR" VARCHAR2(200 BYTE)
   ) SEGMENT CREATION IMMEDIATE 
  PCTFREE 10 PCTUSED 40 INITRANS 1 MAXTRANS 255 NOCOMPRESS LOGGING
  STORAGE(INITIAL 65536 NEXT 1048576 MINEXTENTS 1 MAXEXTENTS 2147483645
  PCTINCREASE 0 FREELISTS 1 FREELIST GROUPS 1 BUFFER_POOL DEFAULT FLASH_CACHE DEFAULT CELL_FLASH_CACHE DEFAULT)
  TABLESPACE "SYSTEM" ;

   COMMENT ON COLUMN "HWABO"."STAR"."UCODE" IS '사용자번호';
   COMMENT ON COLUMN "HWABO"."STAR"."STAR" IS '즐겨찾기';
--------------------------------------------------------
--  DDL for Table VPOST
--------------------------------------------------------

  CREATE TABLE "HWABO"."VPOST" 
   (	"VNO" VARCHAR2(20 BYTE), 
	"VTITLE" VARCHAR2(200 BYTE), 
	"VUCODE" VARCHAR2(20 BYTE), 
	"VWRITER" VARCHAR2(30 BYTE), 
	"VALARM" VARCHAR2(30 BYTE), 
	"VCONTENT" VARCHAR2(2000 BYTE), 
	"VENROLLDATE" DATE DEFAULT sysdate, 
	"VOTECHECK" VARCHAR2(2000 BYTE), 
	"VOTENUMBER" NUMBER DEFAULT 0
   ) SEGMENT CREATION IMMEDIATE 
  PCTFREE 10 PCTUSED 40 INITRANS 1 MAXTRANS 255 NOCOMPRESS LOGGING
  STORAGE(INITIAL 65536 NEXT 1048576 MINEXTENTS 1 MAXEXTENTS 2147483645
  PCTINCREASE 0 FREELISTS 1 FREELIST GROUPS 1 BUFFER_POOL DEFAULT FLASH_CACHE DEFAULT CELL_FLASH_CACHE DEFAULT)
  TABLESPACE "SYSTEM" ;
--------------------------------------------------------
--  DDL for View CFILE1
--------------------------------------------------------

  CREATE OR REPLACE FORCE VIEW "HWABO"."CFILE1" ("O", "R", "N") AS 
  (select ofile1 as o, rfile1  as r, cno as n
from addon
union all
select ofile2 as o, rfile2 as r, cno as n
from addon
union all
select ofile3 as o, rfile3 as r, cno as n
from addon)
;
--------------------------------------------------------
--  DDL for View CFILE2
--------------------------------------------------------

  CREATE OR REPLACE FORCE VIEW "HWABO"."CFILE2" ("CNO", "CTITLE", "CWRITER", "CENROLLDATE", "O", "R") AS 
  (
select cno, ctitle, cwriter, cenrolldate, o, r from cpost
 join test3 on(cpost.cno=test3.n))
;
--------------------------------------------------------
--  DDL for View CFILE3
--------------------------------------------------------

  CREATE OR REPLACE FORCE VIEW "HWABO"."CFILE3" ("O", "R", "N") AS 
  (select ofile1 as o, rfile1  as r, cno as n
from addon
union all
select ofile2 as o, rfile2 as r, cno as n
from addon
union all
select ofile3 as o, rfile3 as r, cno as n
from addon)
;
--------------------------------------------------------
--  DDL for View CFILE4
--------------------------------------------------------

  CREATE OR REPLACE FORCE VIEW "HWABO"."CFILE4" ("CNO", "CTITLE", "CWRITER", "CENROLLDATE", "O", "R", "CPNUM") AS 
  (
select cno, ctitle, cwriter, cenrolldate, o, r, cpnum from cpost
 join test3 on(cpost.cno=test3.n))
;
--------------------------------------------------------
--  DDL for View CTABLE
--------------------------------------------------------

  CREATE OR REPLACE FORCE VIEW "HWABO"."CTABLE" ("CNO", "CPNUM", "CTITLE", "CUCODE", "CWRITER", "CCONTENT", "CENROLLDATE", "COPEN", "HASHTAGS", "MENTIONS", "OFILE1", "RFILE1", "OFILE2", "RFILE2", "OFILE3", "RFILE3") AS 
  (select "CNO","CPNUM","CTITLE","CUCODE","CWRITER","CCONTENT","CENROLLDATE","COPEN","HASHTAGS","MENTIONS","OFILE1","RFILE1","OFILE2","RFILE2","OFILE3","RFILE3" from cpost 
left join addon using (cno))
;
--------------------------------------------------------
--  DDL for View PJMEMBERVIEW
--------------------------------------------------------

  CREATE OR REPLACE FORCE VIEW "HWABO"."PJMEMBERVIEW" ("UCODE", "UEMAIL", "UPWD", "UNAME", "UPHONE", "UGROUP", "UROLE", "UST", "UCERT", "UDATE", "SIGNTYPE", "ACCESSTOKEN", "UIMG", "UACTIVE", "PNUM", "PJADMIN") AS 
  select "UCODE","UEMAIL","UPWD","UNAME","UPHONE","UGROUP","UROLE","UST","UCERT","UDATE","SIGNTYPE","ACCESSTOKEN","UIMG","UACTIVE","PNUM","PJADMIN" from member
left join pjmember using (ucode)
;
--------------------------------------------------------
--  DDL for View REALPOST
--------------------------------------------------------

  CREATE OR REPLACE FORCE VIEW "HWABO"."REALPOST" ("FIRSTWORD", "NO", "ENROLLDATE", "PNUM", "UCODE", "SNO", "STITLE", "SUCODE", "SWRITER", "SSTARTDAY", "SENDDAY", "SPLACE", "SCONTENT", "SENROLLDATE", "SOPEN", "SPNUM", "CNO", "CPNUM", "CTITLE", "CUCODE", "CWRITER", "CCONTENT", "CENROLLDATE", "COPEN", "HASHTAGS", "MENTIONS", "OFILE1", "RFILE1", "OFILE2", "RFILE2", "OFILE3", "RFILE3", "BNO", "BTITLE", "BUCODE", "BWRITER", "BSTARTDAY", "BENDDAY", "BKIND", "BCHARGE", "BCONTENT", "BENROLLDATE", "BOPEN", "BRENAMEFILE", "BORIGINFILE", "BPNUM", "BCHARGENAME") AS 
  select "FIRSTWORD","NO","ENROLLDATE","PNUM","UCODE","SNO","STITLE","SUCODE","SWRITER","SSTARTDAY","SENDDAY","SPLACE","SCONTENT","SENROLLDATE","SOPEN","SPNUM","CNO","CPNUM","CTITLE","CUCODE","CWRITER","CCONTENT","CENROLLDATE","COPEN","HASHTAGS","MENTIONS","OFILE1","RFILE1","OFILE2","RFILE2","OFILE3","RFILE3","BNO","BTITLE","BUCODE","BWRITER","BSTARTDAY","BENDDAY","BKIND","BCHARGE","BCONTENT","BENROLLDATE","BOPEN","BRENAMEFILE","BORIGINFILE","BPNUM","BCHARGENAME" from selectpost
full outer join spost
on (no=spost.sno)
full outer join (select * from cpost
                     left join addon using (cno))
on (no=cno)
full outer join bpost
on (no=bpost.bno)
;
--------------------------------------------------------
--  DDL for View SELECTPOST
--------------------------------------------------------

  CREATE OR REPLACE FORCE VIEW "HWABO"."SELECTPOST" ("FIRSTWORD", "NO", "ENROLLDATE", "PNUM", "UCODE") AS 
  select substr(sno, 1,1) as firstword, sno as no, senrolldate as enrolldate, spnum as pnum, sucode as ucode from spost
union
select  substr(cno, 1,1) as firstword, cno as no, cenrolldate as enrolldate, cpnum as pnum, cucode as ucode from cpost
union
select  substr(bno, 1,1) as firstword, bno as no, benrolldate as enrolldate, bpnum as pnum, bucode as ucode from bpost
order by enrolldate desc
;
--------------------------------------------------------
--  DDL for View TEST
--------------------------------------------------------

  CREATE OR REPLACE FORCE VIEW "HWABO"."TEST" ("SNO", "STITLE", "SUCODE", "SWRITER", "SSTARTDAY", "SENDDAY", "SPLACE", "SCONTENT", "SENROLLDATE", "SOPEN", "SPNUM", "CNO", "CPNUM", "CTITLE", "CUCODE", "CWRITER", "CCONTENT", "CENROLLDATE", "COPEN", "HASHTAGS", "MENTIONS", "OFILE1", "RFILE1", "OFILE2", "RFILE2", "OFILE3", "RFILE3", "BNO", "BTITLE", "BUCODE", "BWRITER", "BSTARTDAY", "BENDDAY", "BKIND", "BCHARGE", "BCONTENT", "BENROLLDATE", "BOPEN", "BRENAMEFILE", "BORIGINFILE", "BPNUM", "BCHARGENAME") AS 
  select "SNO","STITLE","SUCODE","SWRITER","SSTARTDAY","SENDDAY","SPLACE","SCONTENT","SENROLLDATE","SOPEN","SPNUM","CNO","CPNUM","CTITLE","CUCODE","CWRITER","CCONTENT","CENROLLDATE","COPEN","HASHTAGS","MENTIONS","OFILE1","RFILE1","OFILE2","RFILE2","OFILE3","RFILE3","BNO","BTITLE","BUCODE","BWRITER","BSTARTDAY","BENDDAY","BKIND","BCHARGE","BCONTENT","BENROLLDATE","BOPEN","BRENAMEFILE","BORIGINFILE","BPNUM","BCHARGENAME" from spost 
full outer join (select * from cpost
                     left join addon using (cno))
on (sno=cno)
full outer join bpost
on (sno=bpost.bno)
;
--------------------------------------------------------
--  DDL for View TEST1
--------------------------------------------------------

  CREATE OR REPLACE FORCE VIEW "HWABO"."TEST1" ("SNO", "STITLE", "SUCODE", "SWRITER", "SSTARTDAY", "SENDDAY", "SPLACE", "SCONTENT", "SENROLLDATE", "SOPEN", "SPNUM", "CNO", "CPNUM", "CTITLE", "CUCODE", "CWRITER", "CCONTENT", "CENROLLDATE", "COPEN", "HASHTAGS", "MENTIONS") AS 
  (select "SNO","STITLE","SUCODE","SWRITER","SSTARTDAY","SENDDAY","SPLACE","SCONTENT","SENROLLDATE","SOPEN","SPNUM","CNO","CPNUM","CTITLE","CUCODE","CWRITER","CCONTENT","CENROLLDATE","COPEN","HASHTAGS","MENTIONS" from(
select * from spost)full outer join (select * from cpost) 
on (sno=cno)
)
;
--------------------------------------------------------
--  DDL for View TEST3
--------------------------------------------------------

  CREATE OR REPLACE FORCE VIEW "HWABO"."TEST3" ("O", "R", "N") AS 
  (select ofile1 as o, rfile1  as r, cno as n
from addon
union all
select ofile2 as o, rfile2 as r, cno as n
from addon
union all
select ofile3 as o, rfile3 as r, cno as n
from addon)
;
--------------------------------------------------------
--  DDL for View TEST4
--------------------------------------------------------

  CREATE OR REPLACE FORCE VIEW "HWABO"."TEST4" ("CNO", "CWRITER", "CENROLLDATE", "O", "R") AS 
  (
select cno, cwriter, cenrolldate, o, r from cpost
 join test3 on(cpost.cno=test3.n))
;
REM INSERTING into HWABO.ADDON
SET DEFINE OFF;
Insert into HWABO.ADDON (CNO,OFILE1,RFILE1,OFILE2,RFILE2,OFILE3,RFILE3) values ('c126','테스트2.txt','c126202009192059250.txt',null,null,null,null);
Insert into HWABO.ADDON (CNO,OFILE1,RFILE1,OFILE2,RFILE2,OFILE3,RFILE3) values ('c128','사진2.jpg','c128202009192100080.jpg','사진3.jpeg','c128202009192100081.jpeg','사진.jpg','c128202009192100082.jpg');
Insert into HWABO.ADDON (CNO,OFILE1,RFILE1,OFILE2,RFILE2,OFILE3,RFILE3) values ('c232','사진1.jpg','c232202009242332040.jpg','사진2.jpg','c232202009242332040.jpg','mybatis-logo.png','c232202009221839360.png');
Insert into HWABO.ADDON (CNO,OFILE1,RFILE1,OFILE2,RFILE2,OFILE3,RFILE3) values ('c184','mybatis-logo.png','c184202009211025290.png','배경그라데이션.png','c184202009211025291.png',null,null);
Insert into HWABO.ADDON (CNO,OFILE1,RFILE1,OFILE2,RFILE2,OFILE3,RFILE3) values ('c141','사진.jpg','c141202009201124540.jpg',null,null,null,null);
Insert into HWABO.ADDON (CNO,OFILE1,RFILE1,OFILE2,RFILE2,OFILE3,RFILE3) values ('c185','mybatis-logo.png','c185202009211048350.png','배경그라데이션.png','c185202009211048351.png',null,null);
Insert into HWABO.ADDON (CNO,OFILE1,RFILE1,OFILE2,RFILE2,OFILE3,RFILE3) values ('c186','mybatis-logo.png','c186202009211055530.png','배경그라데이션.png','c186202009211055531.png','프6.jpg','c186202009221629060.jpg');
Insert into HWABO.ADDON (CNO,OFILE1,RFILE1,OFILE2,RFILE2,OFILE3,RFILE3) values ('c224','사진2.jpg','c224202009250229020.jpg',null,null,'프6.jpg','c224202009221433592.jpg');
Insert into HWABO.ADDON (CNO,OFILE1,RFILE1,OFILE2,RFILE2,OFILE3,RFILE3) values ('c229','mybatis-logo.png','c229202009221829450.png','배경그라데이션.png','c229202009221837570.png','배경그라데이션.png','c229202009221839520.png');
Insert into HWABO.ADDON (CNO,OFILE1,RFILE1,OFILE2,RFILE2,OFILE3,RFILE3) values ('c227','사진3.jpeg','c227202009242330380.jpeg','사진.jpg','c227202009242330380.jpg','Screenshot 2020-08-25 at 09.41.17.jpg','c227202009221831380.jpg');
Insert into HWABO.ADDON (CNO,OFILE1,RFILE1,OFILE2,RFILE2,OFILE3,RFILE3) values ('c241',null,null,null,null,'프3.jpg','c241202009241821320.jpg');
Insert into HWABO.ADDON (CNO,OFILE1,RFILE1,OFILE2,RFILE2,OFILE3,RFILE3) values ('c242','프1.jpg','c242202009250923500.jpg','프1.jpg','c242202009241809031.jpg','프2.jpg','c242202009241811160.jpg');
Insert into HWABO.ADDON (CNO,OFILE1,RFILE1,OFILE2,RFILE2,OFILE3,RFILE3) values ('c254','프1.jpg','c254202009250954120.jpg','프2.jpg','c254202009250954121.jpg','프3.jpg','c254202009250954122.jpg');
Insert into HWABO.ADDON (CNO,OFILE1,RFILE1,OFILE2,RFILE2,OFILE3,RFILE3) values ('c245','프1.jpg','c245202009241841040.jpg','프2.jpg','c245202009241842200.jpg','프3.jpg','c245202009241837300.jpg');
Insert into HWABO.ADDON (CNO,OFILE1,RFILE1,OFILE2,RFILE2,OFILE3,RFILE3) values ('c246','프2.jpg','c246202009241858530.jpg',null,null,null,null);
Insert into HWABO.ADDON (CNO,OFILE1,RFILE1,OFILE2,RFILE2,OFILE3,RFILE3) values ('c263','Page 2.png','c263202009251702550.png',null,null,null,null);
Insert into HWABO.ADDON (CNO,OFILE1,RFILE1,OFILE2,RFILE2,OFILE3,RFILE3) values ('c252',null,null,null,null,'프2.jpg','c252202009250939090.jpg');
Insert into HWABO.ADDON (CNO,OFILE1,RFILE1,OFILE2,RFILE2,OFILE3,RFILE3) values ('c255','프2.jpg','c255202009251000440.jpg','프3.jpg','c255202009251000441.jpg',null,null);
Insert into HWABO.ADDON (CNO,OFILE1,RFILE1,OFILE2,RFILE2,OFILE3,RFILE3) values ('c258','프1.jpg','c258202009251050460.jpg','프2.jpg','c258202009251050460.jpg',null,null);
Insert into HWABO.ADDON (CNO,OFILE1,RFILE1,OFILE2,RFILE2,OFILE3,RFILE3) values ('c259','프1.jpg','c259202009251649560.jpg','mybatis-logo.png','c259202009251701210.png','unnamed.jpg','c259202009251701210.jpg');
Insert into HWABO.ADDON (CNO,OFILE1,RFILE1,OFILE2,RFILE2,OFILE3,RFILE3) values ('c281','사진2.jpg','c281202009261422530.jpg',null,null,null,null);
REM INSERTING into HWABO.ADDTAG
SET DEFINE OFF;
REM INSERTING into HWABO.ALARM
SET DEFINE OFF;
REM INSERTING into HWABO.BPOST
SET DEFINE OFF;
Insert into HWABO.BPOST (BNO,BTITLE,BUCODE,BWRITER,BSTARTDAY,BENDDAY,BKIND,BCHARGE,BCONTENT,BENROLLDATE,BOPEN,BRENAMEFILE,BORIGINFILE,BPNUM,BCHARGENAME) values ('b20','업무 일정 보고서 작성하시오!','h22','정회원',to_date('20/09/16','RR/MM/DD'),to_date('20/09/16','RR/MM/DD'),'요청','h32,h102,h22','졸려요',to_date('20/09/15','RR/MM/DD'),'n','20200915232527.jpg','tree.jpg','51381715','김회원,백규림,정회원');
Insert into HWABO.BPOST (BNO,BTITLE,BUCODE,BWRITER,BSTARTDAY,BENDDAY,BKIND,BCHARGE,BCONTENT,BENROLLDATE,BOPEN,BRENAMEFILE,BORIGINFILE,BPNUM,BCHARGENAME) values ('b25','테스트 file','h22','정회원',to_date('20/09/18','RR/MM/DD'),to_date('20/09/18','RR/MM/DD'),'요청','h32',null,to_date('20/09/16','RR/MM/DD'),'y','20200916165336.jpg','a.jpg','51381715','김회원');
Insert into HWABO.BPOST (BNO,BTITLE,BUCODE,BWRITER,BSTARTDAY,BENDDAY,BKIND,BCHARGE,BCONTENT,BENROLLDATE,BOPEN,BRENAMEFILE,BORIGINFILE,BPNUM,BCHARGENAME) values ('b48','업무                                                                요청글','h124','한여진',to_date('20/09/24','RR/MM/DD'),to_date('20/09/24','RR/MM/DD'),'피드백',',h124','업무요청',to_date('20/09/24','RR/MM/DD'),'y','20200924183339.jpg','프1.jpg','1','한여진');
Insert into HWABO.BPOST (BNO,BTITLE,BUCODE,BWRITER,BSTARTDAY,BENDDAY,BKIND,BCHARGE,BCONTENT,BENROLLDATE,BOPEN,BRENAMEFILE,BORIGINFILE,BPNUM,BCHARGENAME) values ('b23','슈퍼맨과 배트맨a','h22','정회원',to_date('20/09/11','RR/MM/DD'),to_date('20/09/07','RR/MM/DD'),'완료',',h32','전 배트맨이요aaaa',to_date('20/09/15','RR/MM/DD'),'y','20200915232728.jpg','photo-1599466020583-117bc35a07b7.jpg','51381715','김회원');
Insert into HWABO.BPOST (BNO,BTITLE,BUCODE,BWRITER,BSTARTDAY,BENDDAY,BKIND,BCHARGE,BCONTENT,BENROLLDATE,BOPEN,BRENAMEFILE,BORIGINFILE,BPNUM,BCHARGENAME) values ('b24','서류 작업  e','h22','정회원',to_date('20/09/14','RR/MM/DD'),to_date('20/09/18','RR/MM/DD'),'요청',',h32','
코로나 인사조정으로 인해 귀하에게 해고 통보가 곧 요청될 것입니다. 
서둘러 서류 작업을 마무리 해주십시오.',to_date('20/09/16','RR/MM/DD'),'y',null,null,'51381715','김회원');
Insert into HWABO.BPOST (BNO,BTITLE,BUCODE,BWRITER,BSTARTDAY,BENDDAY,BKIND,BCHARGE,BCONTENT,BENROLLDATE,BOPEN,BRENAMEFILE,BORIGINFILE,BPNUM,BCHARGENAME) values ('b26','file down','h22','정회원',to_date('20/09/24','RR/MM/DD'),to_date('20/09/24','RR/MM/DD'),'완료','h102',null,to_date('20/09/17','RR/MM/DD'),'y','20200917195346.jpg','달.jpg','51381715','백규림');
Insert into HWABO.BPOST (BNO,BTITLE,BUCODE,BWRITER,BSTARTDAY,BENDDAY,BKIND,BCHARGE,BCONTENT,BENROLLDATE,BOPEN,BRENAMEFILE,BORIGINFILE,BPNUM,BCHARGENAME) values ('b27','sad','h123','김회원',to_date('20/09/18','RR/MM/DD'),to_date('20/09/18','RR/MM/DD'),'진행','h124','xx',to_date('20/09/18','RR/MM/DD'),'y',null,null,'1','한여진');
Insert into HWABO.BPOST (BNO,BTITLE,BUCODE,BWRITER,BSTARTDAY,BENDDAY,BKIND,BCHARGE,BCONTENT,BENROLLDATE,BOPEN,BRENAMEFILE,BORIGINFILE,BPNUM,BCHARGENAME) values ('b29','완료에서    보류로','h123','김회원',to_date('20/09/26','RR/MM/DD'),to_date('20/09/30','RR/MM/DD'),'진행',',h22',null,to_date('20/09/18','RR/MM/DD'),'y','20200925164101.png','Page 1-1.png','1','정회원');
Insert into HWABO.BPOST (BNO,BTITLE,BUCODE,BWRITER,BSTARTDAY,BENDDAY,BKIND,BCHARGE,BCONTENT,BENROLLDATE,BOPEN,BRENAMEFILE,BORIGINFILE,BPNUM,BCHARGENAME) values ('b49','ㅇ','h123','김회원',to_date('20/09/25','RR/MM/DD'),to_date('20/09/25','RR/MM/DD'),'피드백','h22','ㄹ',to_date('20/09/25','RR/MM/DD'),'y',null,null,'1','정회원');
Insert into HWABO.BPOST (BNO,BTITLE,BUCODE,BWRITER,BSTARTDAY,BENDDAY,BKIND,BCHARGE,BCONTENT,BENROLLDATE,BOPEN,BRENAMEFILE,BORIGINFILE,BPNUM,BCHARGENAME) values ('b38','file','h102','백규림',to_date('20/09/23','RR/MM/DD'),to_date('20/09/24','RR/MM/DD'),'진행','h32',null,to_date('20/09/20','RR/MM/DD'),'y','20200920192858.jpg','tree.jpg','51381715','김회원');
Insert into HWABO.BPOST (BNO,BTITLE,BUCODE,BWRITER,BSTARTDAY,BENDDAY,BKIND,BCHARGE,BCONTENT,BENROLLDATE,BOPEN,BRENAMEFILE,BORIGINFILE,BPNUM,BCHARGENAME) values ('b45','ㅇㄹㄴㅇㄹㄴㅇㄹㅇㄴㄹㄹㅇㅇㅇㅇㅇㅇㅇㅇㅇㅇㅇㅇㅇㅇㅇㅇㅇㅇㅇㅇㅇㅇㅇㅇㅇㅇㅇㅇㅇㅇㅇㅇㅇ','h124','한여진',to_date('20/09/22','RR/MM/DD'),to_date('20/09/22','RR/MM/DD'),'보류','h22,h125','ㅇㅇㅇㅇㅇㅇㅇㅇㅇㅇㅇㅇㅇㅇㅇㅇㅇㅇㅇㅇㅇㅇㅇㅇㅇㅇㅇㅇㅇㅇㅇㅇㅇㅇㅇㅇㅇㅇㅇㅇㅇㅇㅇㅇㅇㅇㅇㅇㅇㅇㅇㅇㅇㅇㅇㅇㅇㅇㅇㅇㅇㅇㅇㅇㅇㅇㅇㅇㅇㅇㅇㅇㅇㅇㅇㅇㅇㅇㅇㅇㅇㅇㅇㅇㅇㅇㅇㅇㅇㅇㅇㅇㅇㅇㅇㅇㅇㅇㅇㅇㅇㅇㅇㅇㅇㅇㅇㅇㅇㅇㅇㅇㅇㅇㅇㅇㅇㅇㅇㅇㅇㅇㅇㅇㅇㅇㅇㅇㅇㅇㅇㅇㅇㅇㅇㅇㅇㅇㅇㅇㅇㅇㅇㅇㅇㅇㅇㅇㅇㅇㅇㅇㅇㅇㅇㅇㅇㅇㅇㅇㅇㅇㅇㅇㅇㅇㅇㅇㅇㅇㅇㅇㅇㅇㅇㅇㅇㅇㅇㅇㅇㅇㅇㅇㅇㅇㅇㅇㅇㅇㅇㅇㅇㅇㅇㅇㅇㅇㅇㅇㅇㅇㅇㅇㅇㅇㅇㅇㅇㅇ
ㅇㅇㅇㅇㅇㅇㅇㅇㅇㅇㅇㅇㅇㅇㅇㅇㅇㅇㅇㅇㅇㅇㅇㅇㅇㅇㅇㅇㅇㅇㅇㅇㅇㅇㅇㅇㅇㅇㅇㅇㅇㅇㅇㅇㅇㅇㅇㅇㅇㅇㅇㅇㅇㅇㅇㅇㅇㅇ',to_date('20/09/22','RR/MM/DD'),'y',null,null,'1','정회원,서동재');
Insert into HWABO.BPOST (BNO,BTITLE,BUCODE,BWRITER,BSTARTDAY,BENDDAY,BKIND,BCHARGE,BCONTENT,BENROLLDATE,BOPEN,BRENAMEFILE,BORIGINFILE,BPNUM,BCHARGENAME) values ('b40','프로젝트 생성페이지 만들기','h130','정재구',to_date('20/09/12','RR/MM/DD'),to_date('20/09/13','RR/MM/DD'),'완료','h130','프로젝트 생성 페이지를 만들었다',to_date('20/09/20','RR/MM/DD'),'y',null,null,'51381715','정재구');
Insert into HWABO.BPOST (BNO,BTITLE,BUCODE,BWRITER,BSTARTDAY,BENDDAY,BKIND,BCHARGE,BCONTENT,BENROLLDATE,BOPEN,BRENAMEFILE,BORIGINFILE,BPNUM,BCHARGENAME) values ('b35','xptmxm','h102','백규림',to_date('20/10/02','RR/MM/DD'),to_date('20/10/02','RR/MM/DD'),'요청','h102',null,to_date('20/09/19','RR/MM/DD'),'n',null,null,'51381715','백규림');
Insert into HWABO.BPOST (BNO,BTITLE,BUCODE,BWRITER,BSTARTDAY,BENDDAY,BKIND,BCHARGE,BCONTENT,BENROLLDATE,BOPEN,BRENAMEFILE,BORIGINFILE,BPNUM,BCHARGENAME) values ('b36','에이작스 중복 테스트22','h102','백규림',to_date('20/09/17','RR/MM/DD'),to_date('20/09/18','RR/MM/DD'),'진행',',h32','수정수정수정',to_date('20/09/19','RR/MM/DD'),'n','20200920151932.jpg','tree.jpg','51381715','김회원');
Insert into HWABO.BPOST (BNO,BTITLE,BUCODE,BWRITER,BSTARTDAY,BENDDAY,BKIND,BCHARGE,BCONTENT,BENROLLDATE,BOPEN,BRENAMEFILE,BORIGINFILE,BPNUM,BCHARGENAME) values ('b34','ㅇㅇ수정','h102','백규림',to_date('20/09/24','RR/MM/DD'),to_date('20/09/25','RR/MM/DD'),'피드백','h102',null,to_date('20/09/19','RR/MM/DD'),'n',null,null,'51381715','백규림');
Insert into HWABO.BPOST (BNO,BTITLE,BUCODE,BWRITER,BSTARTDAY,BENDDAY,BKIND,BCHARGE,BCONTENT,BENROLLDATE,BOPEN,BRENAMEFILE,BORIGINFILE,BPNUM,BCHARGENAME) values ('b37','메인페이지 만드는 중~','h130','정재구',to_date('20/09/19','RR/MM/DD'),to_date('20/09/20','RR/MM/DD'),'진행','h130','배트배트 야구배트...',to_date('20/09/19','RR/MM/DD'),'y',null,null,'51381715','정재구');
Insert into HWABO.BPOST (BNO,BTITLE,BUCODE,BWRITER,BSTARTDAY,BENDDAY,BKIND,BCHARGE,BCONTENT,BENROLLDATE,BOPEN,BRENAMEFILE,BORIGINFILE,BPNUM,BCHARGENAME) values ('b41','목표페이지 완성','h130','정재구',to_date('20/09/14','RR/MM/DD'),to_date('20/09/16','RR/MM/DD'),'완료','h130','목표페이지를 완성했다',to_date('20/09/20','RR/MM/DD'),'y','20200920232215.gif','20191203214149_blaxtvds.gif','51381715','정재구');
Insert into HWABO.BPOST (BNO,BTITLE,BUCODE,BWRITER,BSTARTDAY,BENDDAY,BKIND,BCHARGE,BCONTENT,BENROLLDATE,BOPEN,BRENAMEFILE,BORIGINFILE,BPNUM,BCHARGENAME) values ('b42','채팅을 완성','h130','정재구',to_date('20/09/18','RR/MM/DD'),to_date('20/09/19','RR/MM/DD'),'완료','h130','채팅 완성~',to_date('20/09/20','RR/MM/DD'),'y',null,null,'51381715','정재구');
Insert into HWABO.BPOST (BNO,BTITLE,BUCODE,BWRITER,BSTARTDAY,BENDDAY,BKIND,BCHARGE,BCONTENT,BENROLLDATE,BOPEN,BRENAMEFILE,BORIGINFILE,BPNUM,BCHARGENAME) values ('b46','zx','h22','정회원',to_date('20/09/04','RR/MM/DD'),to_date('20/09/01','RR/MM/DD'),'요청','h123',null,to_date('20/09/23','RR/MM/DD'),'y','20200923121014.png','Page 3.png','1','김회원');
Insert into HWABO.BPOST (BNO,BTITLE,BUCODE,BWRITER,BSTARTDAY,BENDDAY,BKIND,BCHARGE,BCONTENT,BENROLLDATE,BOPEN,BRENAMEFILE,BORIGINFILE,BPNUM,BCHARGENAME) values ('b44','나무사진','h102','백규림',to_date('20/09/21','RR/MM/DD'),to_date('20/09/21','RR/MM/DD'),'진행','h102',null,to_date('20/09/21','RR/MM/DD'),'y','20200921152404.jpg','바다.jpg','1','백규림');
Insert into HWABO.BPOST (BNO,BTITLE,BUCODE,BWRITER,BSTARTDAY,BENDDAY,BKIND,BCHARGE,BCONTENT,BENROLLDATE,BOPEN,BRENAMEFILE,BORIGINFILE,BPNUM,BCHARGENAME) values ('b47','v','h123','김회원',to_date('20/09/23','RR/MM/DD'),to_date('20/09/23','RR/MM/DD'),'완료','h125',null,to_date('20/09/23','RR/MM/DD'),'y','undefined','undefined','1','서동재');
REM INSERTING into HWABO.CABINET
SET DEFINE OFF;
Insert into HWABO.CABINET (UCODE,NO,ENROLLDATE,PNUM) values ('h102','b42',to_date('20/09/21','RR/MM/DD'),'51381715');
Insert into HWABO.CABINET (UCODE,NO,ENROLLDATE,PNUM) values ('h102','b44',to_date('20/09/22','RR/MM/DD'),'1');
Insert into HWABO.CABINET (UCODE,NO,ENROLLDATE,PNUM) values ('h130','c188',to_date('20/09/21','RR/MM/DD'),'1');
Insert into HWABO.CABINET (UCODE,NO,ENROLLDATE,PNUM) values ('h130','c187',to_date('20/09/21','RR/MM/DD'),'1');
Insert into HWABO.CABINET (UCODE,NO,ENROLLDATE,PNUM) values ('h130','c185',to_date('20/09/21','RR/MM/DD'),'1');
Insert into HWABO.CABINET (UCODE,NO,ENROLLDATE,PNUM) values ('h102','b40',to_date('20/09/21','RR/MM/DD'),'51381715');
Insert into HWABO.CABINET (UCODE,NO,ENROLLDATE,PNUM) values ('h123','c252',to_date('20/09/25','RR/MM/DD'),'1');
Insert into HWABO.CABINET (UCODE,NO,ENROLLDATE,PNUM) values ('h102','s17',to_date('20/09/21','RR/MM/DD'),'1');
Insert into HWABO.CABINET (UCODE,NO,ENROLLDATE,PNUM) values ('h102','c186',to_date('20/09/21','RR/MM/DD'),'1');
Insert into HWABO.CABINET (UCODE,NO,ENROLLDATE,PNUM) values ('h102','s18',to_date('20/09/21','RR/MM/DD'),'1');
Insert into HWABO.CABINET (UCODE,NO,ENROLLDATE,PNUM) values ('h102','b41',to_date('20/09/21','RR/MM/DD'),'51381715');
Insert into HWABO.CABINET (UCODE,NO,ENROLLDATE,PNUM) values ('h102','s29',to_date('20/09/25','RR/MM/DD'),'1');
Insert into HWABO.CABINET (UCODE,NO,ENROLLDATE,PNUM) values ('h102','s28',to_date('20/09/25','RR/MM/DD'),'1');
Insert into HWABO.CABINET (UCODE,NO,ENROLLDATE,PNUM) values ('h102','s27',to_date('20/09/25','RR/MM/DD'),'1');
REM INSERTING into HWABO.CALENDAR
SET DEFINE OFF;
Insert into HWABO.CALENDAR (CALNO,PNUM,UCODE,UNAME,ENROLLDATE,TITLE,START_DATE,END_DATE,ALLDAY) values ('s30','51381715','h130','정재구',to_date('20/09/25','RR/MM/DD'),'wwwwbeetCheckSystems30','20/09/25 17:42:00.000000000','20/09/25 17:42:00.000000000','y');
Insert into HWABO.CALENDAR (CALNO,PNUM,UCODE,UNAME,ENROLLDATE,TITLE,START_DATE,END_DATE,ALLDAY) values ('s28','1','h130','정재구',to_date('20/09/25','RR/MM/DD'),'dbeetCheckSystems28','20/09/25 12:23:00.000000000','20/09/25 12:23:00.000000000','y');
Insert into HWABO.CALENDAR (CALNO,PNUM,UCODE,UNAME,ENROLLDATE,TITLE,START_DATE,END_DATE,ALLDAY) values ('s20','51381715','h130','정재구',to_date('20/09/22','RR/MM/DD'),'메인페이지&nbsp;연결중이다beetCheckSystems20','20/09/22 11:33:00.000000000','20/09/22 11:33:00.000000000','y');
Insert into HWABO.CALENDAR (CALNO,PNUM,UCODE,UNAME,ENROLLDATE,TITLE,START_DATE,END_DATE,ALLDAY) values ('s21','51381715','h130','정재구',to_date('20/09/22','RR/MM/DD'),'가로수길&nbsp;애플&nbsp;스토어는&nbsp;어디에&nbsp;있을까beetCheckSystems21','20/09/22 11:44:00.000000000','20/09/22 11:44:00.000000000','y');
REM INSERTING into HWABO.CHAT
SET DEFINE OFF;
REM INSERTING into HWABO.CHATTING
SET DEFINE OFF;
REM INSERTING into HWABO.CHAT_SPEED
SET DEFINE OFF;
Insert into HWABO.CHAT_SPEED (SPEED,FK) values (99999999,'one');
REM INSERTING into HWABO.CPOST
SET DEFINE OFF;
Insert into HWABO.CPOST (CNO,CPNUM,CTITLE,CUCODE,CWRITER,CCONTENT,CENROLLDATE,COPEN,HASHTAGS,MENTIONS) values ('c126','1','테스트 3 파일이있는 게시글','h123','김회원','파일이 있는 게시그ㄹ~',to_date('20/09/19','RR/MM/DD'),'Y',null,null);
Insert into HWABO.CPOST (CNO,CPNUM,CTITLE,CUCODE,CWRITER,CCONTENT,CENROLLDATE,COPEN,HASHTAGS,MENTIONS) values ('c128','1','사진 테스트 ','h123','김회원','본문 ',to_date('20/09/19','RR/MM/DD'),'Y',null,null);
Insert into HWABO.CPOST (CNO,CPNUM,CTITLE,CUCODE,CWRITER,CCONTENT,CENROLLDATE,COPEN,HASHTAGS,MENTIONS) values ('c124','1','테스트1','h123','김회원','테스트글1 입니다 ',to_date('20/09/19','RR/MM/DD'),'Y',null,null);
Insert into HWABO.CPOST (CNO,CPNUM,CTITLE,CUCODE,CWRITER,CCONTENT,CENROLLDATE,COPEN,HASHTAGS,MENTIONS) values ('c125','1','테스트2 장문의글','h123','김회원','세상에 단 둘뿐인 가족 장우와 은지. 부둣가 마을의 재개발로 장우는 은지를 위해 서울로 이사를 결심하지만, 은지가 홀연히 사라지고 3일 만에 시체가 되어 돌아온다. 목격자도 단서도 증거도 없이 홀로 범인 찾기에 혈안이 된 장우는 동생의 영혼을 위로하는 ',to_date('20/09/19','RR/MM/DD'),'Y',null,null);
Insert into HWABO.CPOST (CNO,CPNUM,CTITLE,CUCODE,CWRITER,CCONTENT,CENROLLDATE,COPEN,HASHTAGS,MENTIONS) values ('c232','1','123 dw3','h123','김회원','123 d w',to_date('20/09/23','RR/MM/DD'),'Y',null,null);
Insert into HWABO.CPOST (CNO,CPNUM,CTITLE,CUCODE,CWRITER,CCONTENT,CENROLLDATE,COPEN,HASHTAGS,MENTIONS) values ('c183','1','xyx','h123','김회원','xyxxyx',to_date('20/09/21','RR/MM/DD'),'Y',null,null);
Insert into HWABO.CPOST (CNO,CPNUM,CTITLE,CUCODE,CWRITER,CCONTENT,CENROLLDATE,COPEN,HASHTAGS,MENTIONS) values ('c184','1','qwfq','h123','김회원','fwqfqw',to_date('20/09/21','RR/MM/DD'),'Y',null,null);
Insert into HWABO.CPOST (CNO,CPNUM,CTITLE,CUCODE,CWRITER,CCONTENT,CENROLLDATE,COPEN,HASHTAGS,MENTIONS) values ('c141','1','테스트','h123','김회원','123',to_date('20/09/20','RR/MM/DD'),'Y',null,null);
Insert into HWABO.CPOST (CNO,CPNUM,CTITLE,CUCODE,CWRITER,CCONTENT,CENROLLDATE,COPEN,HASHTAGS,MENTIONS) values ('c185','1','123','h123','김회원','123',to_date('20/09/21','RR/MM/DD'),'Y',null,null);
Insert into HWABO.CPOST (CNO,CPNUM,CTITLE,CUCODE,CWRITER,CCONTENT,CENROLLDATE,COPEN,HASHTAGS,MENTIONS) values ('c186','1','fwqfgregrewfe fewfew','h123','김회원','fwqfwqfregrehreherherhwefewfewf fewfewf',to_date('20/09/22','RR/MM/DD'),'Y',null,null);
Insert into HWABO.CPOST (CNO,CPNUM,CTITLE,CUCODE,CWRITER,CCONTENT,CENROLLDATE,COPEN,HASHTAGS,MENTIONS) values ('c221','1','메인메인','h130','정재구','맴맴',to_date('20/09/22','RR/MM/DD'),'Y',null,null);
Insert into HWABO.CPOST (CNO,CPNUM,CTITLE,CUCODE,CWRITER,CCONTENT,CENROLLDATE,COPEN,HASHTAGS,MENTIONS) values ('c222','1','wrf','h123','김회원','wfewfwe',to_date('20/09/22','RR/MM/DD'),'Y',null,null);
Insert into HWABO.CPOST (CNO,CPNUM,CTITLE,CUCODE,CWRITER,CCONTENT,CENROLLDATE,COPEN,HASHTAGS,MENTIONS) values ('c223','1','wrfreg123','h123','김회원','wfewfweerg',to_date('20/09/22','RR/MM/DD'),'Y',null,null);
Insert into HWABO.CPOST (CNO,CPNUM,CTITLE,CUCODE,CWRITER,CCONTENT,CENROLLDATE,COPEN,HASHTAGS,MENTIONS) values ('c224','1','grg1231','h123','김회원','ergregdsad1231',to_date('20/09/22','RR/MM/DD'),'Y',null,null);
Insert into HWABO.CPOST (CNO,CPNUM,CTITLE,CUCODE,CWRITER,CCONTENT,CENROLLDATE,COPEN,HASHTAGS,MENTIONS) values ('c225','1','greg','h123','김회원','egreg',to_date('20/09/22','RR/MM/DD'),'Y',null,null);
Insert into HWABO.CPOST (CNO,CPNUM,CTITLE,CUCODE,CWRITER,CCONTENT,CENROLLDATE,COPEN,HASHTAGS,MENTIONS) values ('c233','1','aaa','h124','한여진','aaaaaaaa',to_date('20/09/22','RR/MM/DD'),'Y',null,null);
Insert into HWABO.CPOST (CNO,CPNUM,CTITLE,CUCODE,CWRITER,CCONTENT,CENROLLDATE,COPEN,HASHTAGS,MENTIONS) values ('c227','1','12','h123','김회원','23',to_date('20/09/23','RR/MM/DD'),'Y',null,null);
Insert into HWABO.CPOST (CNO,CPNUM,CTITLE,CUCODE,CWRITER,CCONTENT,CENROLLDATE,COPEN,HASHTAGS,MENTIONS) values ('c231','1','얏호','h130','정재구','얏호',to_date('20/09/22','RR/MM/DD'),'Y',null,null);
Insert into HWABO.CPOST (CNO,CPNUM,CTITLE,CUCODE,CWRITER,CCONTENT,CENROLLDATE,COPEN,HASHTAGS,MENTIONS) values ('c229','1','asfsaf fef 1111 ㅇㄴㅇㄴ ㅇㄴㅇf fewffw ef ㅇㅇㅇㅇ 11 111 1  1 ㄹㅈㄷㄹㅈㄷ','h123','김회원','수정중~~~ ㄹㅇㄹㅇㅇㅇ ㅇㅇ 11 11 1  1 ㄷㅈㄹㅈㄷ',to_date('20/09/22','RR/MM/DD'),'Y',null,null);
Insert into HWABO.CPOST (CNO,CPNUM,CTITLE,CUCODE,CWRITER,CCONTENT,CENROLLDATE,COPEN,HASHTAGS,MENTIONS) values ('c241','1','글쓰기123 ㄹ ㄷㅈㄹ ㅎㄷ ㄱ ㄹㅇㄴ  ㅓㅗ dsad sa','h123','김회원','글쓰는중 123  ㄹㄷㅈㄹ  ㅎㄱㄷ ㅎ ㄹㅇㄴ  ㅓ ㅗ허 dsadsa',to_date('20/09/24','RR/MM/DD'),'Y',null,null);
Insert into HWABO.CPOST (CNO,CPNUM,CTITLE,CUCODE,CWRITER,CCONTENT,CENROLLDATE,COPEN,HASHTAGS,MENTIONS) values ('c242','1','테스트2 수정하는중ㅇㅎㄷㅎㄷ ㅎㄷㅎ ㅇㅈ 123123 hythyt','h123','김회원','글 수정~~~ ㅇㅈㅇㅈ ㅎㄷㅎㄷㄷ ㅎㄷㅎㄷ ㅇㅈ ㅇdwqd  hyt hty',to_date('20/09/24','RR/MM/DD'),'Y',null,null);
Insert into HWABO.CPOST (CNO,CPNUM,CTITLE,CUCODE,CWRITER,CCONTENT,CENROLLDATE,COPEN,HASHTAGS,MENTIONS) values ('c243','1','123445','h123','김회원','123455',to_date('20/09/24','RR/MM/DD'),'Y',null,null);
Insert into HWABO.CPOST (CNO,CPNUM,CTITLE,CUCODE,CWRITER,CCONTENT,CENROLLDATE,COPEN,HASHTAGS,MENTIONS) values ('c244','1','fwef','h124','한여진','fwefewew',to_date('20/09/24','RR/MM/DD'),'Y',null,null);
Insert into HWABO.CPOST (CNO,CPNUM,CTITLE,CUCODE,CWRITER,CCONTENT,CENROLLDATE,COPEN,HASHTAGS,MENTIONS) values ('c245','1',' hre greg hkjhk ㅇㅈ ㅇ ㄹㅈ ㄹㅈ','h124','한여진','erhre hre''po''po greg  hgh gㅈㅇ ㅈ ㄹㅈ ㄹ',to_date('20/09/24','RR/MM/DD'),'Y',null,null);
Insert into HWABO.CPOST (CNO,CPNUM,CTITLE,CUCODE,CWRITER,CCONTENT,CENROLLDATE,COPEN,HASHTAGS,MENTIONS) values ('c246','1','수정','h22','정회원','숮ㅅㄷ벌ㄷㅈ랃ㅈ ',to_date('20/09/24','RR/MM/DD'),'Y',null,null);
Insert into HWABO.CPOST (CNO,CPNUM,CTITLE,CUCODE,CWRITER,CCONTENT,CENROLLDATE,COPEN,HASHTAGS,MENTIONS) values ('c247','1','123 ㄹㄷㅈ','h22','정회원','142124 ㄹㄷㅈ',to_date('20/09/24','RR/MM/DD'),'Y',null,null);
Insert into HWABO.CPOST (CNO,CPNUM,CTITLE,CUCODE,CWRITER,CCONTENT,CENROLLDATE,COPEN,HASHTAGS,MENTIONS) values ('c248','1','12312312312313123','h123','김회원','123123 12312313',to_date('20/09/25','RR/MM/DD'),'Y',null,null);
Insert into HWABO.CPOST (CNO,CPNUM,CTITLE,CUCODE,CWRITER,CCONTENT,CENROLLDATE,COPEN,HASHTAGS,MENTIONS) values ('c249','1','32123123','h123','김회원','234123',to_date('20/09/25','RR/MM/DD'),'Y',null,null);
Insert into HWABO.CPOST (CNO,CPNUM,CTITLE,CUCODE,CWRITER,CCONTENT,CENROLLDATE,COPEN,HASHTAGS,MENTIONS) values ('c250','1','123','h22','정회원','123 ds ',to_date('20/09/25','RR/MM/DD'),'Y',null,null);
Insert into HWABO.CPOST (CNO,CPNUM,CTITLE,CUCODE,CWRITER,CCONTENT,CENROLLDATE,COPEN,HASHTAGS,MENTIONS) values ('c253','1','twt','h22','정회원','ewtew',to_date('20/09/25','RR/MM/DD'),'Y',null,null);
Insert into HWABO.CPOST (CNO,CPNUM,CTITLE,CUCODE,CWRITER,CCONTENT,CENROLLDATE,COPEN,HASHTAGS,MENTIONS) values ('c252','1','1241 123 12 fwe','h22','정회원','24214 21314314 few',to_date('20/09/25','RR/MM/DD'),'Y',null,null);
Insert into HWABO.CPOST (CNO,CPNUM,CTITLE,CUCODE,CWRITER,CCONTENT,CENROLLDATE,COPEN,HASHTAGS,MENTIONS) values ('c254','1','fsaf','h22','정회원','asf',to_date('20/09/25','RR/MM/DD'),'Y',null,null);
Insert into HWABO.CPOST (CNO,CPNUM,CTITLE,CUCODE,CWRITER,CCONTENT,CENROLLDATE,COPEN,HASHTAGS,MENTIONS) values ('c255','1','xtx','h22','정회원','
ujuy',to_date('20/09/25','RR/MM/DD'),'Y',null,null);
Insert into HWABO.CPOST (CNO,CPNUM,CTITLE,CUCODE,CWRITER,CCONTENT,CENROLLDATE,COPEN,HASHTAGS,MENTIONS) values ('c258','1','dwqd','h124','한여진','qwd hjg',to_date('20/09/25','RR/MM/DD'),'Y',null,null);
Insert into HWABO.CPOST (CNO,CPNUM,CTITLE,CUCODE,CWRITER,CCONTENT,CENROLLDATE,COPEN,HASHTAGS,MENTIONS) values ('c257','1','fwefd asd ','h124','한여진','ewfew dsa ',to_date('20/09/25','RR/MM/DD'),'Y',null,null);
Insert into HWABO.CPOST (CNO,CPNUM,CTITLE,CUCODE,CWRITER,CCONTENT,CENROLLDATE,COPEN,HASHTAGS,MENTIONS) values ('c259','1','ㅇㄹ23 123 ','h123','김회원','ㅇㄹ 1',to_date('20/09/25','RR/MM/DD'),'Y',null,null);
Insert into HWABO.CPOST (CNO,CPNUM,CTITLE,CUCODE,CWRITER,CCONTENT,CENROLLDATE,COPEN,HASHTAGS,MENTIONS) values ('c263','1','ㅇㅇ','h123','김회원','ㅇㅇ',to_date('20/09/25','RR/MM/DD'),'Y',null,null);
Insert into HWABO.CPOST (CNO,CPNUM,CTITLE,CUCODE,CWRITER,CCONTENT,CENROLLDATE,COPEN,HASHTAGS,MENTIONS) values ('c281','1','ㅇㅈㅂㅇ','h123','김회원','ㅂㅇㅈㅂㅇ',to_date('20/09/26','RR/MM/DD'),'Y',null,null);
REM INSERTING into HWABO.CPROJECT
SET DEFINE OFF;
REM INSERTING into HWABO.DOPOST
SET DEFINE OFF;
Insert into HWABO.DOPOST (DNO,DTITLE,DUCODE,DWRITER,DCONTENT,DENROLLDATE,DOPEN,DPNUM) values ('d1','일기장','h128','김서장','내ㄴdfdsfsdfsdfsdfsdfsdfdsfsdfsdfsdfsdfsdfsdff

활동하기
끝~
~~						',to_date('20/09/15','RR/MM/DD'),'Y',null);
Insert into HWABO.DOPOST (DNO,DTITLE,DUCODE,DWRITER,DCONTENT,DENROLLDATE,DOPEN,DPNUM) values ('d2','asdgadsg','h128','김서장','asdgadgs										',to_date('20/09/15','RR/MM/DD'),'N',null);
Insert into HWABO.DOPOST (DNO,DTITLE,DUCODE,DWRITER,DCONTENT,DENROLLDATE,DOPEN,DPNUM) values ('d4','일기장111','h22','정회원','12313123123										',to_date('20/09/15','RR/MM/DD'),'N',null);
REM INSERTING into HWABO.FILEBOX
SET DEFINE OFF;
REM INSERTING into HWABO.HASHTAG
SET DEFINE OFF;
REM INSERTING into HWABO.INVITE
SET DEFINE OFF;
REM INSERTING into HWABO.LANGUAGE
SET DEFINE OFF;
REM INSERTING into HWABO.LOVE
SET DEFINE OFF;
REM INSERTING into HWABO.MEMBER
SET DEFINE OFF;
Insert into HWABO.MEMBER (UCODE,UEMAIL,UPWD,UNAME,UPHONE,UGROUP,UROLE,UST,UCERT,UDATE,SIGNTYPE,ACCESSTOKEN,UIMG,UACTIVE) values ('h32','sajosusuu@gmail.com','$2a$10$pcnUaS9G6CMgD0KpIPTd2eAgvfLP8gcNe1zPGkBWT1znLC1xstXqu','김회원','01012345678',null,null,'Y','N',to_date('20/09/09','RR/MM/DD'),'h','116167',null,null);
Insert into HWABO.MEMBER (UCODE,UEMAIL,UPWD,UNAME,UPHONE,UGROUP,UROLE,UST,UCERT,UDATE,SIGNTYPE,ACCESSTOKEN,UIMG,UACTIVE) values ('h22','123@123.com','$2a$10$QY2ajoXaRDoYqwa8IIUyR.ha.YWcYl9/udOpzut9ye5SkweKf3Zbm','정회원','01021431234','1조123123','팀장','Y','N',to_date('20/09/09','RR/MM/DD'),'h',null,'resources/profileImg/h22프로필8.jpg',null);
Insert into HWABO.MEMBER (UCODE,UEMAIL,UPWD,UNAME,UPHONE,UGROUP,UROLE,UST,UCERT,UDATE,SIGNTYPE,ACCESSTOKEN,UIMG,UACTIVE) values ('h124','user2@ruu.kr','$2a$10$i8f0DJX1mcjaki2tuHbpvOcm44Wqv4SgZ/YNq0BO0EgInfdgq1SoO','한여진','01034567889','영업부','팀장','Y','N',to_date('20/09/12','RR/MM/DD'),'h','848344','resources/profileImg/h124프로필7.jpg',null);
Insert into HWABO.MEMBER (UCODE,UEMAIL,UPWD,UNAME,UPHONE,UGROUP,UROLE,UST,UCERT,UDATE,SIGNTYPE,ACCESSTOKEN,UIMG,UACTIVE) values ('h125','user3@ruu.kr','$2a$10$ie.vbIWt3URrjw4Ao1Q/peQQTCKNvAzWGvBjB/7Qoalyom.edQulC','서동재','01064215321','총무부','팀원','Y','N',to_date('20/09/12','RR/MM/DD'),'h','808140','resources/profileImg/h125프2.jpg',null);
Insert into HWABO.MEMBER (UCODE,UEMAIL,UPWD,UNAME,UPHONE,UGROUP,UROLE,UST,UCERT,UDATE,SIGNTYPE,ACCESSTOKEN,UIMG,UACTIVE) values ('h126','user4@ruu.kr','$2a$10$oNrYWLTM39xS/kUb00dDNODmRsRuuBdUgTh38ao6Rp6mBO4D20tSi','영은수','010646343221','총무부','팀장','Y','N',to_date('20/09/12','RR/MM/DD'),'h','698650','resources/profileImg/h126프1.jpg',null);
Insert into HWABO.MEMBER (UCODE,UEMAIL,UPWD,UNAME,UPHONE,UGROUP,UROLE,UST,UCERT,UDATE,SIGNTYPE,ACCESSTOKEN,UIMG,UACTIVE) values ('h127','user5@ruu.kr','$2a$10$DN3GgLwg.wpte6Tmxhq/S.VQCJbmX5ASMf7lKlUaIhBGgQUUO/h.6','이창준','010123464563','요거트','블루베리','Y','N',to_date('20/09/12','RR/MM/DD'),'h','148805','resources/profileImg/h127프로필5.jpg',null);
Insert into HWABO.MEMBER (UCODE,UEMAIL,UPWD,UNAME,UPHONE,UGROUP,UROLE,UST,UCERT,UDATE,SIGNTYPE,ACCESSTOKEN,UIMG,UACTIVE) values ('h102','kyu1@naver.com','$2a$10$se330eEjJITuWtl8FVMh/eh59ZbqXGyCdA9sKoaMinzQhWXK81pFa','백규림','01021346788',null,null,'Y','N',to_date('20/09/11','RR/MM/DD'),'h','915329','resources/profileImg/h102달 (1).jpg',null);
Insert into HWABO.MEMBER (UCODE,UEMAIL,UPWD,UNAME,UPHONE,UGROUP,UROLE,UST,UCERT,UDATE,SIGNTYPE,ACCESSTOKEN,UIMG,UACTIVE) values ('h123','user1@ruu.kr','$2a$10$z6mOL/GoHpQY1vNfNuQViusUbk2nWKnfUD6eWNQKk7SZI6hs7fRim','김회원','01064839586','소속 bhjhhihuiuhi','역할 hjghj','Y','N',to_date('20/09/12','RR/MM/DD'),'h','121414','resources/profileImg/h123수정됨_1.png',null);
Insert into HWABO.MEMBER (UCODE,UEMAIL,UPWD,UNAME,UPHONE,UGROUP,UROLE,UST,UCERT,UDATE,SIGNTYPE,ACCESSTOKEN,UIMG,UACTIVE) values ('h128','user6@ruu.kr','$2a$10$tnPkjWDAidfzsOGXy7b5wevZ25VikGQ1qDlKq6jcK/xhdUzNoNjXS','김서장','01098765432','영업부','팀장','Y','N',to_date('20/09/12','RR/MM/DD'),'h','228019','resources/profileImg/h128프4.jpg',null);
Insert into HWABO.MEMBER (UCODE,UEMAIL,UPWD,UNAME,UPHONE,UGROUP,UROLE,UST,UCERT,UDATE,SIGNTYPE,ACCESSTOKEN,UIMG,UACTIVE) values ('h129','user7@ruu.kr','$2a$10$Q0gIe45kb59e26T3UNKISeNoKg0.tPrgvhm.WjXG1zc3IW4TSvB8q','윤세아','01098254869','영업부','대리','Y','N',to_date('20/09/12','RR/MM/DD'),'h','898640','resources/profileImg/h129프3.jpg',null);
Insert into HWABO.MEMBER (UCODE,UEMAIL,UPWD,UNAME,UPHONE,UGROUP,UROLE,UST,UCERT,UDATE,SIGNTYPE,ACCESSTOKEN,UIMG,UACTIVE) values ('h130','red@b.b','$2a$10$vXjOP.zlZ3/B.nuKW1lVvOZH1MKVq5Yw/MeKumbx43DTAIy3wvGKa','정재구','01024856791
',null,null,'Y','N',to_date('20/09/12','RR/MM/DD'),'h','652365','resources/profileImg/h13020200920232215.gif',null);
Insert into HWABO.MEMBER (UCODE,UEMAIL,UPWD,UNAME,UPHONE,UGROUP,UROLE,UST,UCERT,UDATE,SIGNTYPE,ACCESSTOKEN,UIMG,UACTIVE) values ('h141','user10@ruu.kr','$2a$10$b1vaLf828ZEHcFQ2Z7EApeiw/VE10ek.aw77KqyjXbimPyHQr3Eby','핸드크','01023456789','a회사','직원','Y','N',to_date('20/09/13','RR/MM/DD'),'h','571905','resources/profileImg/default.png',null);
Insert into HWABO.MEMBER (UCODE,UEMAIL,UPWD,UNAME,UPHONE,UGROUP,UROLE,UST,UCERT,UDATE,SIGNTYPE,ACCESSTOKEN,UIMG,UACTIVE) values ('h221','user15@ruu.kr','$2a$10$Di.8YMH3lnUDaRfhCJ8Y8O6Cy/btoWUn51uxkxAGIPEmwdyPknGmK','apsdqw',null,null,null,'N','N',to_date('20/09/24','RR/MM/DD'),'h','753382','resources/profileImg/default.png',null);
Insert into HWABO.MEMBER (UCODE,UEMAIL,UPWD,UNAME,UPHONE,UGROUP,UROLE,UST,UCERT,UDATE,SIGNTYPE,ACCESSTOKEN,UIMG,UACTIVE) values ('h222','user9@ruu.kr','$2a$10$pDFHRqIcNhRX46qKHkzRWOTSrnS3d80qqcFGjTKtJlKLqlaNWyZoC','고소미',null,null,null,'Y','N',to_date('20/09/24','RR/MM/DD'),'h','182459','resources/profileImg/default.png',null);
Insert into HWABO.MEMBER (UCODE,UEMAIL,UPWD,UNAME,UPHONE,UGROUP,UROLE,UST,UCERT,UDATE,SIGNTYPE,ACCESSTOKEN,UIMG,UACTIVE) values ('h241','user12@ruu.kr','$2a$10$b7FeyeHHZC1vTs.1g6bIruRYYtKs9cQ2iiHzgSAF6RosbM.xk9Zzi','초코칩',null,null,null,'N','N',to_date('20/09/24','RR/MM/DD'),'h','030164','resources/profileImg/default.png',null);
Insert into HWABO.MEMBER (UCODE,UEMAIL,UPWD,UNAME,UPHONE,UGROUP,UROLE,UST,UCERT,UDATE,SIGNTYPE,ACCESSTOKEN,UIMG,UACTIVE) values ('h242','user13@ruu.kr','$2a$10$7cZmA1rqUHZWe9hWSr9wnOBYdw3Vuro0byOLLPwvTf0tgeeYEPIry','그린티',null,null,null,'Y','N',to_date('20/09/24','RR/MM/DD'),'h','009529','resources/profileImg/default.png',null);
Insert into HWABO.MEMBER (UCODE,UEMAIL,UPWD,UNAME,UPHONE,UGROUP,UROLE,UST,UCERT,UDATE,SIGNTYPE,ACCESSTOKEN,UIMG,UACTIVE) values ('h243','user14@ruu.kr','$2a$10$4oMEtbdUk6rAng2EsToBe.B/YZl2.hDUaAG9M5OctF23dv1cVx0Mu','박초코',null,null,null,'Y','N',to_date('20/09/24','RR/MM/DD'),'h','240136','resources/profileImg/default.png',null);
Insert into HWABO.MEMBER (UCODE,UEMAIL,UPWD,UNAME,UPHONE,UGROUP,UROLE,UST,UCERT,UDATE,SIGNTYPE,ACCESSTOKEN,UIMG,UACTIVE) values ('h261','user18@ruu.kr','$2a$10$CoKglvlA4tJRRt4daFTb5urQZaum5SVnfh6zxfmdPwGyXfBSADS.C','마스크',null,null,null,'Y','N',to_date('20/09/25','RR/MM/DD'),'h','113490','resources/profileImg/default.png',null);
Insert into HWABO.MEMBER (UCODE,UEMAIL,UPWD,UNAME,UPHONE,UGROUP,UROLE,UST,UCERT,UDATE,SIGNTYPE,ACCESSTOKEN,UIMG,UACTIVE) values ('n182','suh021@naver.com',null,'박수현','1046363432','235','5325','Y','N',to_date('20/09/21','RR/MM/DD'),'n',null,'resources/profileImg/n182사진.jpg',null);
Insert into HWABO.MEMBER (UCODE,UEMAIL,UPWD,UNAME,UPHONE,UGROUP,UROLE,UST,UCERT,UDATE,SIGNTYPE,ACCESSTOKEN,UIMG,UACTIVE) values ('h281','user20@ruu.kr','$2a$10$3pcq2XLX5BY4EyxabYLPqemCYrZz0L5OBrMjHCbfbhoU1VNfYn23i','미쯔',null,null,null,'N','N',to_date('20/09/25','RR/MM/DD'),'h','895539','resources/profileImg/default.png',null);
Insert into HWABO.MEMBER (UCODE,UEMAIL,UPWD,UNAME,UPHONE,UGROUP,UROLE,UST,UCERT,UDATE,SIGNTYPE,ACCESSTOKEN,UIMG,UACTIVE) values ('h282','user21@ruu.kr','$2a$10$KAu6IMKQJuJ51rf7uXbwG.KR7miXYeExF9EMaQxZ3N0t1RGjkk8a.','아이스',null,null,null,'Y','N',to_date('20/09/25','RR/MM/DD'),'h','759675','resources/profileImg/default.png',null);
REM INSERTING into HWABO.NOTE
SET DEFINE OFF;
REM INSERTING into HWABO.PJMEMBER
SET DEFINE OFF;
Insert into HWABO.PJMEMBER (PNUM,UCODE,PJADMIN) values ('1','h123','1');
Insert into HWABO.PJMEMBER (PNUM,UCODE,PJADMIN) values ('1','h124','1');
Insert into HWABO.PJMEMBER (PNUM,UCODE,PJADMIN) values ('1','h125','2');
Insert into HWABO.PJMEMBER (PNUM,UCODE,PJADMIN) values ('1','h126','2');
Insert into HWABO.PJMEMBER (PNUM,UCODE,PJADMIN) values ('1','h127','2');
Insert into HWABO.PJMEMBER (PNUM,UCODE,PJADMIN) values ('2','h128','2');
Insert into HWABO.PJMEMBER (PNUM,UCODE,PJADMIN) values ('2','h129','1');
Insert into HWABO.PJMEMBER (PNUM,UCODE,PJADMIN) values ('2','h130','2');
Insert into HWABO.PJMEMBER (PNUM,UCODE,PJADMIN) values ('1','h129','2');
Insert into HWABO.PJMEMBER (PNUM,UCODE,PJADMIN) values ('1','h130','2');
Insert into HWABO.PJMEMBER (PNUM,UCODE,PJADMIN) values ('51381715','h22','2');
Insert into HWABO.PJMEMBER (PNUM,UCODE,PJADMIN) values ('51381715','h32','2');
Insert into HWABO.PJMEMBER (PNUM,UCODE,PJADMIN) values ('51381715','h102','1');
Insert into HWABO.PJMEMBER (PNUM,UCODE,PJADMIN) values ('5448758','h141','1');
Insert into HWABO.PJMEMBER (PNUM,UCODE,PJADMIN) values ('87866998','h124','1');
Insert into HWABO.PJMEMBER (PNUM,UCODE,PJADMIN) values ('33867007','h141','1');
Insert into HWABO.PJMEMBER (PNUM,UCODE,PJADMIN) values ('74267895','h124','1');
Insert into HWABO.PJMEMBER (PNUM,UCODE,PJADMIN) values ('12880110','h124','1');
Insert into HWABO.PJMEMBER (PNUM,UCODE,PJADMIN) values ('83181459','h124','1');
Insert into HWABO.PJMEMBER (PNUM,UCODE,PJADMIN) values ('38996643','h124','1');
Insert into HWABO.PJMEMBER (PNUM,UCODE,PJADMIN) values ('83080531','h124','1');
Insert into HWABO.PJMEMBER (PNUM,UCODE,PJADMIN) values ('47985390','h124','1');
Insert into HWABO.PJMEMBER (PNUM,UCODE,PJADMIN) values ('51381715','h130','2');
Insert into HWABO.PJMEMBER (PNUM,UCODE,PJADMIN) values ('1','h22','2');
Insert into HWABO.PJMEMBER (PNUM,UCODE,PJADMIN) values ('63716254','n182','1');
Insert into HWABO.PJMEMBER (PNUM,UCODE,PJADMIN) values ('1','h102','1');
Insert into HWABO.PJMEMBER (PNUM,UCODE,PJADMIN) values ('71029821','h125','1');
Insert into HWABO.PJMEMBER (PNUM,UCODE,PJADMIN) values ('45545759','h124','1');
Insert into HWABO.PJMEMBER (PNUM,UCODE,PJADMIN) values ('1','h242','2');
Insert into HWABO.PJMEMBER (PNUM,UCODE,PJADMIN) values ('1','h243','2');
Insert into HWABO.PJMEMBER (PNUM,UCODE,PJADMIN) values ('1','h281','2');
Insert into HWABO.PJMEMBER (PNUM,UCODE,PJADMIN) values ('74267895','h242','2');
Insert into HWABO.PJMEMBER (PNUM,UCODE,PJADMIN) values ('74267895','h282','2');
Insert into HWABO.PJMEMBER (PNUM,UCODE,PJADMIN) values ('1','h282','2');
REM INSERTING into HWABO.PMANAGE
SET DEFINE OFF;
REM INSERTING into HWABO.POSTREPLY
SET DEFINE OFF;
Insert into HWABO.POSTREPLY (REPLYNO,NO,CONTENT,UCODE,UNAME,ENROLLDATE,PARENTSNO,SESONDENROLL,KIND) values ('1','s2','나나나나ㅏ나','h127','이창준',to_date('20/09/15','RR/MM/DD'),'1',to_date('20/09/24','RR/MM/DD'),0);
Insert into HWABO.POSTREPLY (REPLYNO,NO,CONTENT,UCODE,UNAME,ENROLLDATE,PARENTSNO,SESONDENROLL,KIND) values ('2','s2','나qwewe나나나ㅏ나','h127','이창준',to_date('20/09/15','RR/MM/DD'),'2',to_date('20/09/24','RR/MM/DD'),0);
Insert into HWABO.POSTREPLY (REPLYNO,NO,CONTENT,UCODE,UNAME,ENROLLDATE,PARENTSNO,SESONDENROLL,KIND) values ('3','s2','나qwasdasdewe나나나ㅏ나','h127','이창준',to_date('20/09/15','RR/MM/DD'),'3',to_date('20/09/24','RR/MM/DD'),0);
Insert into HWABO.POSTREPLY (REPLYNO,NO,CONTENT,UCODE,UNAME,ENROLLDATE,PARENTSNO,SESONDENROLL,KIND) values ('4','s2','444나qwasdasdewe나나나ㅏ나','h127','이창준',to_date('20/09/15','RR/MM/DD'),'4',to_date('20/09/24','RR/MM/DD'),0);
Insert into HWABO.POSTREPLY (REPLYNO,NO,CONTENT,UCODE,UNAME,ENROLLDATE,PARENTSNO,SESONDENROLL,KIND) values ('5','s2','sfase','h102','백규림',to_date('20/09/18','RR/MM/DD'),'5',to_date('20/09/24','RR/MM/DD'),0);
Insert into HWABO.POSTREPLY (REPLYNO,NO,CONTENT,UCODE,UNAME,ENROLLDATE,PARENTSNO,SESONDENROLL,KIND) values ('6','s2','대댓글','h102','백규림',to_date('20/09/19','RR/MM/DD'),'3',to_date('20/09/24','RR/MM/DD'),1);
Insert into HWABO.POSTREPLY (REPLYNO,NO,CONTENT,UCODE,UNAME,ENROLLDATE,PARENTSNO,SESONDENROLL,KIND) values ('7','b2','댓글','h102','백규림',to_date('20/09/20','RR/MM/DD'),'7',null,0);
Insert into HWABO.POSTREPLY (REPLYNO,NO,CONTENT,UCODE,UNAME,ENROLLDATE,PARENTSNO,SESONDENROLL,KIND) values ('8','b2','대댓글글','h102','백규림',to_date('20/09/22','RR/MM/DD'),'7',null,1);
REM INSERTING into HWABO.PROGRESS
SET DEFINE OFF;
Insert into HWABO.PROGRESS (UCODE,PROJECT_NUM,NAME,GOAL,DONE,TITLE,CONTENT) values ('h130','51381715','정재구',3,3,'목표페이지 완성','목표페이지를 완성했다');
Insert into HWABO.PROGRESS (UCODE,PROJECT_NUM,NAME,GOAL,DONE,TITLE,CONTENT) values ('h22','51381715','정회원',3,0,'서류 작업  e','
코로나 인사조정으로 인해 귀하에게 해고 통보가 곧 요청될 것입니다. 
서둘러 서류 작업을 마무리 해주십시오.');
Insert into HWABO.PROGRESS (UCODE,PROJECT_NUM,NAME,GOAL,DONE,TITLE,CONTENT) values ('h22','51381715','정회원',3,3,'슈퍼맨과 배트맨a','전 배트맨이요aaaa');
Insert into HWABO.PROGRESS (UCODE,PROJECT_NUM,NAME,GOAL,DONE,TITLE,CONTENT) values ('h22','51381715','정회원',3,0,'업무 일정 보고서 작성하시오!','졸려요');
Insert into HWABO.PROGRESS (UCODE,PROJECT_NUM,NAME,GOAL,DONE,TITLE,CONTENT) values ('h102','51381715','백규림',3,1,'에이작스 중복 테스트22','수정수정수정');
Insert into HWABO.PROGRESS (UCODE,PROJECT_NUM,NAME,GOAL,DONE,TITLE,CONTENT) values ('h130','51381715','정재구',3,3,'채팅을 완성','채팅 완성~');
Insert into HWABO.PROGRESS (UCODE,PROJECT_NUM,NAME,GOAL,DONE,TITLE,CONTENT) values ('h22','51381715','정회원',3,0,'테스트 file',null);
Insert into HWABO.PROGRESS (UCODE,PROJECT_NUM,NAME,GOAL,DONE,TITLE,CONTENT) values ('h130','51381715','정재구',3,3,'프로젝트 생성페이지 만들기','프로젝트 생성 페이지를 만들었다');
Insert into HWABO.PROGRESS (UCODE,PROJECT_NUM,NAME,GOAL,DONE,TITLE,CONTENT) values ('h102','1','백규림',3,1,'나무사진',null);
Insert into HWABO.PROGRESS (UCODE,PROJECT_NUM,NAME,GOAL,DONE,TITLE,CONTENT) values ('h124','1','한여진',3,2,'업무                                                                요청글','업무요청');
Insert into HWABO.PROGRESS (UCODE,PROJECT_NUM,NAME,GOAL,DONE,TITLE,CONTENT) values ('h123','1','김회원',3,1,'완료에서    보류로',null);
Insert into HWABO.PROGRESS (UCODE,PROJECT_NUM,NAME,GOAL,DONE,TITLE,CONTENT) values ('h123','1','김회원',3,1,'sad','xx');
Insert into HWABO.PROGRESS (UCODE,PROJECT_NUM,NAME,GOAL,DONE,TITLE,CONTENT) values ('h123','1','김회원',3,3,'v',null);
Insert into HWABO.PROGRESS (UCODE,PROJECT_NUM,NAME,GOAL,DONE,TITLE,CONTENT) values ('h22','1','정회원',3,0,'zx',null);
Insert into HWABO.PROGRESS (UCODE,PROJECT_NUM,NAME,GOAL,DONE,TITLE,CONTENT) values ('h123','1','김회원',3,2,'ㅇ','ㄹ');
Insert into HWABO.PROGRESS (UCODE,PROJECT_NUM,NAME,GOAL,DONE,TITLE,CONTENT) values ('h124','1','한여진',3,0,'ㅇㄹㄴㅇㄹㄴㅇㄹㅇㄴㄹㄹㅇㅇㅇㅇㅇㅇㅇㅇㅇㅇㅇㅇㅇㅇㅇㅇㅇㅇㅇㅇㅇㅇㅇㅇㅇㅇㅇㅇㅇㅇㅇㅇㅇ','ㅇㅇㅇㅇㅇㅇㅇㅇㅇㅇㅇㅇㅇㅇㅇㅇㅇㅇㅇㅇㅇㅇㅇㅇㅇㅇㅇㅇㅇㅇㅇㅇㅇㅇㅇㅇㅇㅇㅇㅇㅇㅇㅇㅇㅇㅇㅇㅇㅇㅇㅇㅇㅇㅇㅇㅇㅇㅇㅇㅇㅇㅇㅇㅇㅇㅇㅇㅇㅇㅇㅇㅇㅇㅇㅇㅇㅇㅇㅇㅇㅇㅇㅇㅇㅇㅇㅇㅇㅇㅇㅇㅇㅇㅇㅇㅇㅇㅇㅇㅇㅇㅇㅇㅇㅇㅇㅇㅇㅇㅇㅇㅇㅇㅇㅇㅇㅇㅇㅇㅇㅇㅇㅇㅇㅇㅇㅇㅇㅇㅇㅇㅇㅇㅇㅇㅇㅇㅇㅇㅇㅇㅇㅇㅇㅇㅇㅇㅇㅇㅇㅇㅇㅇㅇㅇㅇㅇㅇㅇㅇㅇㅇㅇㅇㅇㅇㅇㅇㅇㅇㅇㅇㅇㅇㅇㅇㅇㅇㅇㅇㅇㅇㅇㅇㅇㅇㅇㅇㅇㅇㅇㅇㅇㅇㅇㅇㅇㅇㅇㅇㅇㅇㅇㅇㅇㅇㅇㅇㅇㅇ
ㅇㅇㅇㅇㅇㅇㅇㅇㅇㅇㅇㅇㅇㅇㅇㅇㅇㅇㅇㅇㅇㅇㅇㅇㅇㅇㅇㅇㅇㅇㅇㅇㅇㅇㅇㅇㅇㅇㅇㅇㅇㅇㅇㅇㅇㅇㅇㅇㅇㅇㅇㅇㅇㅇㅇㅇㅇㅇ');
Insert into HWABO.PROGRESS (UCODE,PROJECT_NUM,NAME,GOAL,DONE,TITLE,CONTENT) values ('h102','51381715','백규림',3,1,'file',null);
Insert into HWABO.PROGRESS (UCODE,PROJECT_NUM,NAME,GOAL,DONE,TITLE,CONTENT) values ('h22','51381715','정회원',3,3,'file down',null);
Insert into HWABO.PROGRESS (UCODE,PROJECT_NUM,NAME,GOAL,DONE,TITLE,CONTENT) values ('h102','51381715','백규림',3,0,'xptmxm',null);
Insert into HWABO.PROGRESS (UCODE,PROJECT_NUM,NAME,GOAL,DONE,TITLE,CONTENT) values ('h102','51381715','백규림',3,2,'ㅇㅇ수정',null);
Insert into HWABO.PROGRESS (UCODE,PROJECT_NUM,NAME,GOAL,DONE,TITLE,CONTENT) values ('h130','51381715','정재구',3,1,'메인페이지 만드는 중~','배트배트 야구배트...');
REM INSERTING into HWABO.PROJECT
SET DEFINE OFF;
Insert into HWABO.PROJECT (PROJECT_NUM,NAME,EXPLAIN,STARTDAY,ENDDAY,UPLOADDATE,OPEN,GOAL,DONE,RIGHT,ORDER_BY) values ('1','test','testContent',to_date('20/09/11','RR/MM/DD'),to_date('20/10/15','RR/MM/DD'),to_date('20/09/11','RR/MM/DD'),'Y',24,10,0,'1');
Insert into HWABO.PROJECT (PROJECT_NUM,NAME,EXPLAIN,STARTDAY,ENDDAY,UPLOADDATE,OPEN,GOAL,DONE,RIGHT,ORDER_BY) values ('2','beet','testContent',to_date('20/09/11','RR/MM/DD'),to_date('20/10/15','RR/MM/DD'),to_date('20/09/11','RR/MM/DD'),'Y',100000,1,0,'2');
Insert into HWABO.PROJECT (PROJECT_NUM,NAME,EXPLAIN,STARTDAY,ENDDAY,UPLOADDATE,OPEN,GOAL,DONE,RIGHT,ORDER_BY) values ('3','naehaksa','testContent',to_date('20/09/11','RR/MM/DD'),to_date('20/10/15','RR/MM/DD'),to_date('20/09/11','RR/MM/DD'),'Y',4,2,0,'3');
Insert into HWABO.PROJECT (PROJECT_NUM,NAME,EXPLAIN,STARTDAY,ENDDAY,UPLOADDATE,OPEN,GOAL,DONE,RIGHT,ORDER_BY) values ('4','팡팡팡','testContent',to_date('20/09/11','RR/MM/DD'),to_date('20/10/15','RR/MM/DD'),to_date('20/09/11','RR/MM/DD'),'Y',3,1,0,'4');
Insert into HWABO.PROJECT (PROJECT_NUM,NAME,EXPLAIN,STARTDAY,ENDDAY,UPLOADDATE,OPEN,GOAL,DONE,RIGHT,ORDER_BY) values ('5','clone flow','testContent',to_date('20/09/11','RR/MM/DD'),to_date('20/10/15','RR/MM/DD'),to_date('20/09/11','RR/MM/DD'),'Y',10,0,0,'5');
Insert into HWABO.PROJECT (PROJECT_NUM,NAME,EXPLAIN,STARTDAY,ENDDAY,UPLOADDATE,OPEN,GOAL,DONE,RIGHT,ORDER_BY) values ('12','asd','asd',to_date('20/09/13','RR/MM/DD'),to_date('20/09/13','RR/MM/DD'),to_date('20/09/13','RR/MM/DD'),'Y',5,0,0,'12');
Insert into HWABO.PROJECT (PROJECT_NUM,NAME,EXPLAIN,STARTDAY,ENDDAY,UPLOADDATE,OPEN,GOAL,DONE,RIGHT,ORDER_BY) values ('7','으아아아',null,to_date('20/09/13','RR/MM/DD'),to_date('20/09/13','RR/MM/DD'),to_date('20/09/13','RR/MM/DD'),'Y',5,0,0,'7');
Insert into HWABO.PROJECT (PROJECT_NUM,NAME,EXPLAIN,STARTDAY,ENDDAY,UPLOADDATE,OPEN,GOAL,DONE,RIGHT,ORDER_BY) values ('8','ss','ssss',to_date('20/09/13','RR/MM/DD'),to_date('20/09/13','RR/MM/DD'),to_date('20/09/13','RR/MM/DD'),'Y',5,0,0,'8');
Insert into HWABO.PROJECT (PROJECT_NUM,NAME,EXPLAIN,STARTDAY,ENDDAY,UPLOADDATE,OPEN,GOAL,DONE,RIGHT,ORDER_BY) values ('9','ss','sd',to_date('20/09/13','RR/MM/DD'),to_date('20/09/13','RR/MM/DD'),to_date('20/09/13','RR/MM/DD'),'Y',5,0,0,'9');
Insert into HWABO.PROJECT (PROJECT_NUM,NAME,EXPLAIN,STARTDAY,ENDDAY,UPLOADDATE,OPEN,GOAL,DONE,RIGHT,ORDER_BY) values ('10','ss','asd',to_date('20/09/13','RR/MM/DD'),to_date('20/09/13','RR/MM/DD'),to_date('20/09/13','RR/MM/DD'),'Y',5,0,0,'10');
Insert into HWABO.PROJECT (PROJECT_NUM,NAME,EXPLAIN,STARTDAY,ENDDAY,UPLOADDATE,OPEN,GOAL,DONE,RIGHT,ORDER_BY) values ('11','sda',null,to_date('20/09/13','RR/MM/DD'),to_date('20/09/13','RR/MM/DD'),to_date('20/09/13','RR/MM/DD'),'Y',5,0,0,'11');
Insert into HWABO.PROJECT (PROJECT_NUM,NAME,EXPLAIN,STARTDAY,ENDDAY,UPLOADDATE,OPEN,GOAL,DONE,RIGHT,ORDER_BY) values ('13','sd',null,to_date('20/09/13','RR/MM/DD'),to_date('20/09/13','RR/MM/DD'),to_date('20/09/13','RR/MM/DD'),'Y',5,0,0,'13');
Insert into HWABO.PROJECT (PROJECT_NUM,NAME,EXPLAIN,STARTDAY,ENDDAY,UPLOADDATE,OPEN,GOAL,DONE,RIGHT,ORDER_BY) values ('51381715','123','323',to_date('20/09/13','RR/MM/DD'),to_date('20/09/13','RR/MM/DD'),to_date('20/09/13','RR/MM/DD'),'Y',39,20,0,'14');
Insert into HWABO.PROJECT (PROJECT_NUM,NAME,EXPLAIN,STARTDAY,ENDDAY,UPLOADDATE,OPEN,GOAL,DONE,RIGHT,ORDER_BY) values ('7832718','asdas','asds',to_date('20/09/18','RR/MM/DD'),to_date('20/09/18','RR/MM/DD'),to_date('20/09/18','RR/MM/DD'),'Y',5,0,0,'15');
Insert into HWABO.PROJECT (PROJECT_NUM,NAME,EXPLAIN,STARTDAY,ENDDAY,UPLOADDATE,OPEN,GOAL,DONE,RIGHT,ORDER_BY) values ('5448758','adasdad','asdasd',to_date('20/09/18','RR/MM/DD'),to_date('20/09/18','RR/MM/DD'),to_date('20/09/18','RR/MM/DD'),'Y',100000,1,0,'18');
Insert into HWABO.PROJECT (PROJECT_NUM,NAME,EXPLAIN,STARTDAY,ENDDAY,UPLOADDATE,OPEN,GOAL,DONE,RIGHT,ORDER_BY) values ('6','테스트','설명 테스트',null,null,to_date('20/09/11','RR/MM/DD'),'Y',10,1,1,'6');
Insert into HWABO.PROJECT (PROJECT_NUM,NAME,EXPLAIN,STARTDAY,ENDDAY,UPLOADDATE,OPEN,GOAL,DONE,RIGHT,ORDER_BY) values ('74267895','asd4565324sadads','asdsa',to_date('20/09/18','RR/MM/DD'),to_date('20/09/18','RR/MM/DD'),to_date('20/09/18','RR/MM/DD'),'Y',100000,1,0,'19');
Insert into HWABO.PROJECT (PROJECT_NUM,NAME,EXPLAIN,STARTDAY,ENDDAY,UPLOADDATE,OPEN,GOAL,DONE,RIGHT,ORDER_BY) values ('33867007','asd','adasd',to_date('20/09/18','RR/MM/DD'),to_date('20/09/18','RR/MM/DD'),to_date('20/09/18','RR/MM/DD'),'Y',100000,1,0,'17');
Insert into HWABO.PROJECT (PROJECT_NUM,NAME,EXPLAIN,STARTDAY,ENDDAY,UPLOADDATE,OPEN,GOAL,DONE,RIGHT,ORDER_BY) values ('87866998','yyyyyyyyyy',null,to_date('20/09/18','RR/MM/DD'),to_date('20/09/18','RR/MM/DD'),to_date('20/09/18','RR/MM/DD'),'Y',100000,1,0,'20');
Insert into HWABO.PROJECT (PROJECT_NUM,NAME,EXPLAIN,STARTDAY,ENDDAY,UPLOADDATE,OPEN,GOAL,DONE,RIGHT,ORDER_BY) values ('12880110','tttttttt',null,to_date('20/09/18','RR/MM/DD'),to_date('20/09/18','RR/MM/DD'),to_date('20/09/18','RR/MM/DD'),'Y',100000,1,0,'21');
Insert into HWABO.PROJECT (PROJECT_NUM,NAME,EXPLAIN,STARTDAY,ENDDAY,UPLOADDATE,OPEN,GOAL,DONE,RIGHT,ORDER_BY) values ('83181459','ttytyyyy',null,to_date('20/09/18','RR/MM/DD'),to_date('20/09/18','RR/MM/DD'),to_date('20/09/18','RR/MM/DD'),'Y',100000,1,0,'22');
Insert into HWABO.PROJECT (PROJECT_NUM,NAME,EXPLAIN,STARTDAY,ENDDAY,UPLOADDATE,OPEN,GOAL,DONE,RIGHT,ORDER_BY) values ('38996643','ttttt',null,to_date('20/09/18','RR/MM/DD'),to_date('20/09/18','RR/MM/DD'),to_date('20/09/18','RR/MM/DD'),'Y',100000,1,0,'23');
Insert into HWABO.PROJECT (PROJECT_NUM,NAME,EXPLAIN,STARTDAY,ENDDAY,UPLOADDATE,OPEN,GOAL,DONE,RIGHT,ORDER_BY) values ('83080531','ioioioioioi',null,to_date('20/09/18','RR/MM/DD'),to_date('20/09/18','RR/MM/DD'),to_date('20/09/18','RR/MM/DD'),'Y',100000,1,0,'24');
Insert into HWABO.PROJECT (PROJECT_NUM,NAME,EXPLAIN,STARTDAY,ENDDAY,UPLOADDATE,OPEN,GOAL,DONE,RIGHT,ORDER_BY) values ('47985390','ioioioi',null,to_date('20/09/18','RR/MM/DD'),to_date('20/09/18','RR/MM/DD'),to_date('20/09/18','RR/MM/DD'),'Y',100000,1,0,'25');
Insert into HWABO.PROJECT (PROJECT_NUM,NAME,EXPLAIN,STARTDAY,ENDDAY,UPLOADDATE,OPEN,GOAL,DONE,RIGHT,ORDER_BY) values ('63716254','테스트프로젝트','프로젝트~~~~',to_date('20/09/21','RR/MM/DD'),to_date('20/09/21','RR/MM/DD'),to_date('20/09/21','RR/MM/DD'),'Y',100000,1,0,'26');
Insert into HWABO.PROJECT (PROJECT_NUM,NAME,EXPLAIN,STARTDAY,ENDDAY,UPLOADDATE,OPEN,GOAL,DONE,RIGHT,ORDER_BY) values ('71029821','123','123',to_date('20/09/23','RR/MM/DD'),to_date('20/09/23','RR/MM/DD'),to_date('20/09/23','RR/MM/DD'),null,100000,1,0,'27');
Insert into HWABO.PROJECT (PROJECT_NUM,NAME,EXPLAIN,STARTDAY,ENDDAY,UPLOADDATE,OPEN,GOAL,DONE,RIGHT,ORDER_BY) values ('45545759','프로젝트!!','이 프로젝트는 테스트 프로젝트입니다',to_date('20/09/24','RR/MM/DD'),to_date('20/09/24','RR/MM/DD'),to_date('20/09/24','RR/MM/DD'),null,100000,1,0,'28');
REM INSERTING into HWABO.PROJECTP
SET DEFINE OFF;
REM INSERTING into HWABO.REPLY
SET DEFINE OFF;
Insert into HWABO.REPLY (REPLYNO,NO,CONTENT,UCODE,UNAME,ENROLLDATE,SECONDENROLL,PARENT,KIND) values ('28','b48','ddd의 답글','h102','백규림',to_date('20/09/24','RR/MM/DD'),null,'21','1');
Insert into HWABO.REPLY (REPLYNO,NO,CONTENT,UCODE,UNAME,ENROLLDATE,SECONDENROLL,PARENT,KIND) values ('5','b47','댓글1','h102','백규림',to_date('20/09/24','RR/MM/DD'),null,'5','0');
Insert into HWABO.REPLY (REPLYNO,NO,CONTENT,UCODE,UNAME,ENROLLDATE,SECONDENROLL,PARENT,KIND) values ('7','b47','댓글1의 답글11','h102','백규림',to_date('20/09/24','RR/MM/DD'),to_date('20/09/24','RR/MM/DD'),'5','1');
Insert into HWABO.REPLY (REPLYNO,NO,CONTENT,UCODE,UNAME,ENROLLDATE,SECONDENROLL,PARENT,KIND) values ('50','c250','dd','h102','백규림',to_date('20/09/25','RR/MM/DD'),null,'50','0');
Insert into HWABO.REPLY (REPLYNO,NO,CONTENT,UCODE,UNAME,ENROLLDATE,SECONDENROLL,PARENT,KIND) values ('51','b45','아','h102','백규림',to_date('20/09/25','RR/MM/DD'),null,'51','0');
Insert into HWABO.REPLY (REPLYNO,NO,CONTENT,UCODE,UNAME,ENROLLDATE,SECONDENROLL,PARENT,KIND) values ('21','b48','dddf','h102','백규림',to_date('20/09/24','RR/MM/DD'),to_date('20/09/25','RR/MM/DD'),'21','0');
Insert into HWABO.REPLY (REPLYNO,NO,CONTENT,UCODE,UNAME,ENROLLDATE,SECONDENROLL,PARENT,KIND) values ('22','b47','이게 뭐야','h102','백규림',to_date('20/09/24','RR/MM/DD'),null,'22','0');
Insert into HWABO.REPLY (REPLYNO,NO,CONTENT,UCODE,UNAME,ENROLLDATE,SECONDENROLL,PARENT,KIND) values ('25','b48','fwefwe','h124','한여진',to_date('20/09/24','RR/MM/DD'),null,'25','0');
Insert into HWABO.REPLY (REPLYNO,NO,CONTENT,UCODE,UNAME,ENROLLDATE,SECONDENROLL,PARENT,KIND) values ('52','b45','음?','h102','백규림',to_date('20/09/25','RR/MM/DD'),null,'52','0');
Insert into HWABO.REPLY (REPLYNO,NO,CONTENT,UCODE,UNAME,ENROLLDATE,SECONDENROLL,PARENT,KIND) values ('56','b45','ㅇㅇㅇㅇ','h102','백규림',to_date('20/09/25','RR/MM/DD'),null,'51','1');
Insert into HWABO.REPLY (REPLYNO,NO,CONTENT,UCODE,UNAME,ENROLLDATE,SECONDENROLL,PARENT,KIND) values ('57','b27','ㅋㅋ','h102','백규림',to_date('20/09/25','RR/MM/DD'),null,'57','0');
Insert into HWABO.REPLY (REPLYNO,NO,CONTENT,UCODE,UNAME,ENROLLDATE,SECONDENROLL,PARENT,KIND) values ('58','b41','d','h102','백규림',to_date('20/09/25','RR/MM/DD'),null,'58','0');
Insert into HWABO.REPLY (REPLYNO,NO,CONTENT,UCODE,UNAME,ENROLLDATE,SECONDENROLL,PARENT,KIND) values ('59','b44','d','h102','백규림',to_date('20/09/25','RR/MM/DD'),null,'59','0');
Insert into HWABO.REPLY (REPLYNO,NO,CONTENT,UCODE,UNAME,ENROLLDATE,SECONDENROLL,PARENT,KIND) values ('35','b45','ㅇㅇㅇㅇ','h102','백규림',to_date('20/09/24','RR/MM/DD'),to_date('20/09/24','RR/MM/DD'),'35','0');
Insert into HWABO.REPLY (REPLYNO,NO,CONTENT,UCODE,UNAME,ENROLLDATE,SECONDENROLL,PARENT,KIND) values ('44','b45','답글쓰','h102','백규림',to_date('20/09/24','RR/MM/DD'),null,'35','1');
Insert into HWABO.REPLY (REPLYNO,NO,CONTENT,UCODE,UNAME,ENROLLDATE,SECONDENROLL,PARENT,KIND) values ('45','b44','ㅇㅇ','h102','백규림',to_date('20/09/24','RR/MM/DD'),null,'45','0');
Insert into HWABO.REPLY (REPLYNO,NO,CONTENT,UCODE,UNAME,ENROLLDATE,SECONDENROLL,PARENT,KIND) values ('47','b44','두번째 답글','h102','백규림',to_date('20/09/24','RR/MM/DD'),null,'45','1');
REM INSERTING into HWABO.SPOST
SET DEFINE OFF;
Insert into HWABO.SPOST (SNO,STITLE,SUCODE,SWRITER,SSTARTDAY,SENDDAY,SPLACE,SCONTENT,SENROLLDATE,SOPEN,SPNUM) values ('s3','q      qqwe qwe','h127','이창준',to_date('20/09/14','RR/MM/DD'),to_date('20/09/19','RR/MM/DD'),null,'asd&nbsp;asdasd&nbsp;&nbsp;&nbsp;&nbsp;&nbsp;&nbsp;&nbsp;&nbsp;&nbsp;&nbsp;&nbsp;&nbsp;&nbsp;&nbsp;&nbsp;&nbsp;&nbsp;&nbsp;&nbsp;&nbsp;&nbsp;&nbsp;&nbsp;&nbsp;&nbsp;dasd',to_date('20/09/14','RR/MM/DD'),'y','51381715');
Insert into HWABO.SPOST (SNO,STITLE,SUCODE,SWRITER,SSTARTDAY,SENDDAY,SPLACE,SCONTENT,SENROLLDATE,SOPEN,SPNUM) values ('s4','s',null,null,to_date('20/09/18','RR/MM/DD'),to_date('20/09/18','RR/MM/DD'),'서울 강남구 양재천로 163','df',to_date('20/09/18','RR/MM/DD'),'y',null);
Insert into HWABO.SPOST (SNO,STITLE,SUCODE,SWRITER,SSTARTDAY,SENDDAY,SPLACE,SCONTENT,SENROLLDATE,SOPEN,SPNUM) values ('s5','ㅂㅈㄷㅈㅂㄷ',null,null,to_date('20/09/18','RR/MM/DD'),to_date('20/09/18','RR/MM/DD'),'서울 강서구 방화대로 2','ㅂㅈㄷㅈㅂㄷㅈ',to_date('20/09/18','RR/MM/DD'),'n',null);
Insert into HWABO.SPOST (SNO,STITLE,SUCODE,SWRITER,SSTARTDAY,SENDDAY,SPLACE,SCONTENT,SENROLLDATE,SOPEN,SPNUM) values ('s6','asd',null,null,to_date('20/09/18','RR/MM/DD'),to_date('20/09/18','RR/MM/DD'),'서울 강동구 양재대로 1303','asd',to_date('20/09/18','RR/MM/DD'),'n',null);
Insert into HWABO.SPOST (SNO,STITLE,SUCODE,SWRITER,SSTARTDAY,SENDDAY,SPLACE,SCONTENT,SENROLLDATE,SOPEN,SPNUM) values ('s7','adssadasdasd','h22','정회원',to_date('20/09/20','RR/MM/DD'),to_date('20/09/29','RR/MM/DD'),'서울 관악구 낙성대로 2','aa',to_date('20/09/20','RR/MM/DD'),'y',null);
Insert into HWABO.SPOST (SNO,STITLE,SUCODE,SWRITER,SSTARTDAY,SENDDAY,SPLACE,SCONTENT,SENROLLDATE,SOPEN,SPNUM) values ('s8','aaaaaaaaa','h124','한여진',to_date('20/09/21','RR/MM/DD'),to_date('20/09/21','RR/MM/DD'),'서울 강서구 강서로 251','asdsadsd',to_date('20/09/21','RR/MM/DD'),'y',null);
Insert into HWABO.SPOST (SNO,STITLE,SUCODE,SWRITER,SSTARTDAY,SENDDAY,SPLACE,SCONTENT,SENROLLDATE,SOPEN,SPNUM) values ('s9','bbbbbb','h124','한여진',to_date('20/09/21','RR/MM/DD'),to_date('20/09/21','RR/MM/DD'),'인천 서구 로봇랜드로 33','bbbbbbb',to_date('20/09/21','RR/MM/DD'),'y',null);
Insert into HWABO.SPOST (SNO,STITLE,SUCODE,SWRITER,SSTARTDAY,SENDDAY,SPLACE,SCONTENT,SENROLLDATE,SOPEN,SPNUM) values ('s10','aaaaa','h124','한여진',to_date('20/09/21','RR/MM/DD'),to_date('20/09/21','RR/MM/DD'),'서울 관악구 낙성대역길 8','a',to_date('20/09/21','RR/MM/DD'),'y',null);
Insert into HWABO.SPOST (SNO,STITLE,SUCODE,SWRITER,SSTARTDAY,SENDDAY,SPLACE,SCONTENT,SENROLLDATE,SOPEN,SPNUM) values ('s11','ggggg','h124','한여진',to_date('20/09/21','RR/MM/DD'),to_date('20/09/21','RR/MM/DD'),'서울 강남구 양재천로 163','addd',to_date('20/09/21','RR/MM/DD'),'y',null);
Insert into HWABO.SPOST (SNO,STITLE,SUCODE,SWRITER,SSTARTDAY,SENDDAY,SPLACE,SCONTENT,SENROLLDATE,SOPEN,SPNUM) values ('s12','gggggsd','h124','한여진',to_date('20/09/21','RR/MM/DD'),to_date('20/09/21','RR/MM/DD'),'서울 강남구 양재천로 167','adddsdsd',to_date('20/09/21','RR/MM/DD'),'y',null);
Insert into HWABO.SPOST (SNO,STITLE,SUCODE,SWRITER,SSTARTDAY,SENDDAY,SPLACE,SCONTENT,SENROLLDATE,SOPEN,SPNUM) values ('s13','aa','h124','한여진',to_date('20/09/21','RR/MM/DD'),to_date('20/09/21','RR/MM/DD'),'서울 강남구 강남대로92길 13','s',to_date('20/09/21','RR/MM/DD'),'y',null);
Insert into HWABO.SPOST (SNO,STITLE,SUCODE,SWRITER,SSTARTDAY,SENDDAY,SPLACE,SCONTENT,SENROLLDATE,SOPEN,SPNUM) values ('s14','aa','h124','한여진',to_date('20/09/21','RR/MM/DD'),to_date('20/09/21','RR/MM/DD'),'서울 강남구 테헤란로 125','saa',to_date('20/09/21','RR/MM/DD'),'y',null);
Insert into HWABO.SPOST (SNO,STITLE,SUCODE,SWRITER,SSTARTDAY,SENDDAY,SPLACE,SCONTENT,SENROLLDATE,SOPEN,SPNUM) values ('s15','aa','h124','한여진',to_date('20/09/21','RR/MM/DD'),to_date('20/09/21','RR/MM/DD'),'서울 관악구 낙성대로 2','saa',to_date('20/09/21','RR/MM/DD'),'y',null);
Insert into HWABO.SPOST (SNO,STITLE,SUCODE,SWRITER,SSTARTDAY,SENDDAY,SPLACE,SCONTENT,SENROLLDATE,SOPEN,SPNUM) values ('s2','aaaa&nbsp;123','h127','이창준',to_date('20/09/14','RR/MM/DD'),to_date('20/09/14','RR/MM/DD'),'서울 노원구 마들로 45','a a aaa <br>        sd<br>   das <br>sad   as a ',to_date('20/09/14','RR/MM/DD'),'y','51381715');
Insert into HWABO.SPOST (SNO,STITLE,SUCODE,SWRITER,SSTARTDAY,SENDDAY,SPLACE,SCONTENT,SENROLLDATE,SOPEN,SPNUM) values ('s16','a','h124','한여진',to_date('20/09/21','RR/MM/DD'),to_date('20/09/21','RR/MM/DD'),'서울 강남구 양재대로 333','a',to_date('20/09/21','RR/MM/DD'),'y',null);
Insert into HWABO.SPOST (SNO,STITLE,SUCODE,SWRITER,SSTARTDAY,SENDDAY,SPLACE,SCONTENT,SENROLLDATE,SOPEN,SPNUM) values ('s17','asd','h124','한여진',to_date('20/09/21','RR/MM/DD'),to_date('20/09/21','RR/MM/DD'),'서울 강남구 양재천로 167','sad',to_date('20/09/21','RR/MM/DD'),'y','1');
Insert into HWABO.SPOST (SNO,STITLE,SUCODE,SWRITER,SSTARTDAY,SENDDAY,SPLACE,SCONTENT,SENROLLDATE,SOPEN,SPNUM) values ('s18','asd','h124','한여진',to_date('20/09/21','RR/MM/DD'),to_date('20/09/21','RR/MM/DD'),'서울 강남구 양재대로 333','sad',to_date('20/09/21','RR/MM/DD'),'y','1');
Insert into HWABO.SPOST (SNO,STITLE,SUCODE,SWRITER,SSTARTDAY,SENDDAY,SPLACE,SCONTENT,SENROLLDATE,SOPEN,SPNUM) values ('s19','asd','h124','한여진',to_date('20/09/21','RR/MM/DD'),to_date('20/09/21','RR/MM/DD'),'서울 강서구 마곡서로 13','sad',to_date('20/09/21','RR/MM/DD'),'y','1');
Insert into HWABO.SPOST (SNO,STITLE,SUCODE,SWRITER,SSTARTDAY,SENDDAY,SPLACE,SCONTENT,SENROLLDATE,SOPEN,SPNUM) values ('s20','메인페이지&nbsp;연결중이다','h130','정재구',to_date('20/09/22','RR/MM/DD'),to_date('20/09/22','RR/MM/DD'),'서울 성북구 동소문로 28-2','종각역검색이&nbsp;안되는지&nbsp;못찾는지',to_date('20/09/22','RR/MM/DD'),'y','51381715');
Insert into HWABO.SPOST (SNO,STITLE,SUCODE,SWRITER,SSTARTDAY,SENDDAY,SPLACE,SCONTENT,SENROLLDATE,SOPEN,SPNUM) values ('s21','가로수길&nbsp;애플&nbsp;스토어는&nbsp;어디에&nbsp;있을까','h130','정재구',to_date('20/09/22','RR/MM/DD'),to_date('20/09/22','RR/MM/DD'),'서울 강남구 가로수길 43','여기있찌요',to_date('20/09/22','RR/MM/DD'),'y','51381715');
Insert into HWABO.SPOST (SNO,STITLE,SUCODE,SWRITER,SSTARTDAY,SENDDAY,SPLACE,SCONTENT,SENROLLDATE,SOPEN,SPNUM) values ('s25','qorrbf','h102','백규림',to_date('20/09/23','RR/MM/DD'),to_date('20/09/23','RR/MM/DD'),null,null,to_date('20/09/23','RR/MM/DD'),'y','1');
Insert into HWABO.SPOST (SNO,STITLE,SUCODE,SWRITER,SSTARTDAY,SENDDAY,SPLACE,SCONTENT,SENROLLDATE,SOPEN,SPNUM) values ('s23','cv','h123','김회원',to_date('20/09/22','RR/MM/DD'),to_date('20/09/29','RR/MM/DD'),'서울 강남구 봉은사로 179','ccclllllllllllllllllllllllll',to_date('20/09/22','RR/MM/DD'),'y','1');
Insert into HWABO.SPOST (SNO,STITLE,SUCODE,SWRITER,SSTARTDAY,SENDDAY,SPLACE,SCONTENT,SENROLLDATE,SOPEN,SPNUM) values ('s24','s','h123','김회원',to_date('20/09/23','RR/MM/DD'),to_date('20/09/23','RR/MM/DD'),'세종특별자치시 라온로 66','f',to_date('20/09/23','RR/MM/DD'),'y','1');
Insert into HWABO.SPOST (SNO,STITLE,SUCODE,SWRITER,SSTARTDAY,SENDDAY,SPLACE,SCONTENT,SENROLLDATE,SOPEN,SPNUM) values ('s27','규림쓰&nbsp;테스트&nbsp;한번만할게요','h102','백규림',to_date('20/09/25','RR/MM/DD'),to_date('20/09/25','RR/MM/DD'),null,null,to_date('20/09/25','RR/MM/DD'),'y','1');
Insert into HWABO.SPOST (SNO,STITLE,SUCODE,SWRITER,SSTARTDAY,SENDDAY,SPLACE,SCONTENT,SENROLLDATE,SOPEN,SPNUM) values ('s28','d','h130','정재구',to_date('20/09/25','RR/MM/DD'),to_date('20/09/25','RR/MM/DD'),'부산 강서구 르노삼성대로 14',null,to_date('20/09/25','RR/MM/DD'),'y','1');
Insert into HWABO.SPOST (SNO,STITLE,SUCODE,SWRITER,SSTARTDAY,SENDDAY,SPLACE,SCONTENT,SENROLLDATE,SOPEN,SPNUM) values ('s26','d','h123','김회원',to_date('20/09/25','RR/MM/DD'),to_date('20/09/25','RR/MM/DD'),'인천 연수구 랜드마크로 68','ㄴㅁㅇ',to_date('20/09/25','RR/MM/DD'),'y','1');
Insert into HWABO.SPOST (SNO,STITLE,SUCODE,SWRITER,SSTARTDAY,SENDDAY,SPLACE,SCONTENT,SENROLLDATE,SOPEN,SPNUM) values ('s29','333','h123','김회원',to_date('20/09/25','RR/MM/DD'),to_date('20/10/01','RR/MM/DD'),null,'333dddddd',to_date('20/09/25','RR/MM/DD'),'y','1');
Insert into HWABO.SPOST (SNO,STITLE,SUCODE,SWRITER,SSTARTDAY,SENDDAY,SPLACE,SCONTENT,SENROLLDATE,SOPEN,SPNUM) values ('s30','wwww','h130','정재구',to_date('20/09/25','RR/MM/DD'),to_date('20/09/25','RR/MM/DD'),null,null,to_date('20/09/25','RR/MM/DD'),'y','51381715');
REM INSERTING into HWABO.STAR
SET DEFINE OFF;
Insert into HWABO.STAR (UCODE,STAR) values ('h22','51381715');
Insert into HWABO.STAR (UCODE,STAR) values ('Guest','4');
Insert into HWABO.STAR (UCODE,STAR) values ('Guest','5');
Insert into HWABO.STAR (UCODE,STAR) values ('Guest','3');
Insert into HWABO.STAR (UCODE,STAR) values ('h130','2');
Insert into HWABO.STAR (UCODE,STAR) values ('h130','51381715');
Insert into HWABO.STAR (UCODE,STAR) values ('h130','1');
Insert into HWABO.STAR (UCODE,STAR) values ('h102','51381715');
REM INSERTING into HWABO.VPOST
SET DEFINE OFF;
Insert into HWABO.VPOST (VNO,VTITLE,VUCODE,VWRITER,VALARM,VCONTENT,VENROLLDATE,VOTECHECK,VOTENUMBER) values ('v1','테스트제목',null,'테스트작성자','n','테스트내용',to_date('20/09/14','RR/MM/DD'),'y',0);
Insert into HWABO.VPOST (VNO,VTITLE,VUCODE,VWRITER,VALARM,VCONTENT,VENROLLDATE,VOTECHECK,VOTENUMBER) values ('v2','123123','h22','김회원','n','										123123',to_date('20/09/14','RR/MM/DD'),'n',0);
Insert into HWABO.VPOST (VNO,VTITLE,VUCODE,VWRITER,VALARM,VCONTENT,VENROLLDATE,VOTECHECK,VOTENUMBER) values ('v3','123123','h22','김회원','n','									123123	',to_date('20/09/14','RR/MM/DD'),'n',0);
Insert into HWABO.VPOST (VNO,VTITLE,VUCODE,VWRITER,VALARM,VCONTENT,VENROLLDATE,VOTECHECK,VOTENUMBER) values ('v4','sdsd','h22','김회원','n','									sadasd	',to_date('20/09/15','RR/MM/DD'),'n',0);
--------------------------------------------------------
--  DDL for Index PK_UCODE_PNUM
--------------------------------------------------------

  CREATE UNIQUE INDEX "HWABO"."PK_UCODE_PNUM" ON "HWABO"."PJMEMBER" ("PNUM", "UCODE") 
  PCTFREE 10 INITRANS 2 MAXTRANS 255 COMPUTE STATISTICS 
  STORAGE(INITIAL 65536 NEXT 1048576 MINEXTENTS 1 MAXEXTENTS 2147483645
  PCTINCREASE 0 FREELISTS 1 FREELIST GROUPS 1 BUFFER_POOL DEFAULT FLASH_CACHE DEFAULT CELL_FLASH_CACHE DEFAULT)
  TABLESPACE "SYSTEM" ;
--------------------------------------------------------
--  DDL for Index REPLY_PK
--------------------------------------------------------

  CREATE UNIQUE INDEX "HWABO"."REPLY_PK" ON "HWABO"."POSTREPLY" ("REPLYNO") 
  PCTFREE 10 INITRANS 2 MAXTRANS 255 COMPUTE STATISTICS 
  STORAGE(INITIAL 65536 NEXT 1048576 MINEXTENTS 1 MAXEXTENTS 2147483645
  PCTINCREASE 0 FREELISTS 1 FREELIST GROUPS 1 BUFFER_POOL DEFAULT FLASH_CACHE DEFAULT CELL_FLASH_CACHE DEFAULT)
  TABLESPACE "SYSTEM" ;
--------------------------------------------------------
--  DDL for Index LOVE_PK
--------------------------------------------------------

  CREATE UNIQUE INDEX "HWABO"."LOVE_PK" ON "HWABO"."LOVE" ("NO", "UCODE") 
  PCTFREE 10 INITRANS 2 MAXTRANS 255 COMPUTE STATISTICS 
  STORAGE(INITIAL 65536 NEXT 1048576 MINEXTENTS 1 MAXEXTENTS 2147483645
  PCTINCREASE 0 FREELISTS 1 FREELIST GROUPS 1 BUFFER_POOL DEFAULT FLASH_CACHE DEFAULT CELL_FLASH_CACHE DEFAULT)
  TABLESPACE "SYSTEM" ;
--------------------------------------------------------
--  DDL for Index VNO_PK
--------------------------------------------------------

  CREATE UNIQUE INDEX "HWABO"."VNO_PK" ON "HWABO"."VPOST" ("VNO") 
  PCTFREE 10 INITRANS 2 MAXTRANS 255 COMPUTE STATISTICS 
  STORAGE(INITIAL 65536 NEXT 1048576 MINEXTENTS 1 MAXEXTENTS 2147483645
  PCTINCREASE 0 FREELISTS 1 FREELIST GROUPS 1 BUFFER_POOL DEFAULT FLASH_CACHE DEFAULT CELL_FLASH_CACHE DEFAULT)
  TABLESPACE "SYSTEM" ;
--------------------------------------------------------
--  DDL for Index SPOST_PK
--------------------------------------------------------

  CREATE UNIQUE INDEX "HWABO"."SPOST_PK" ON "HWABO"."SPOST" ("SNO") 
  PCTFREE 10 INITRANS 2 MAXTRANS 255 COMPUTE STATISTICS 
  STORAGE(INITIAL 65536 NEXT 1048576 MINEXTENTS 1 MAXEXTENTS 2147483645
  PCTINCREASE 0 FREELISTS 1 FREELIST GROUPS 1 BUFFER_POOL DEFAULT FLASH_CACHE DEFAULT CELL_FLASH_CACHE DEFAULT)
  TABLESPACE "SYSTEM" ;
--------------------------------------------------------
--  DDL for Index HSIGN
--------------------------------------------------------

  CREATE UNIQUE INDEX "HWABO"."HSIGN" ON "HWABO"."MEMBER" ("UEMAIL", "SIGNTYPE") 
  PCTFREE 10 INITRANS 2 MAXTRANS 255 COMPUTE STATISTICS 
  STORAGE(INITIAL 65536 NEXT 1048576 MINEXTENTS 1 MAXEXTENTS 2147483645
  PCTINCREASE 0 FREELISTS 1 FREELIST GROUPS 1 BUFFER_POOL DEFAULT FLASH_CACHE DEFAULT CELL_FLASH_CACHE DEFAULT)
  TABLESPACE "SYSTEM" ;
--------------------------------------------------------
--  Constraints for Table SPOST
--------------------------------------------------------

  ALTER TABLE "HWABO"."SPOST" ADD CONSTRAINT "SPOST_PK" PRIMARY KEY ("SNO")
  USING INDEX PCTFREE 10 INITRANS 2 MAXTRANS 255 COMPUTE STATISTICS 
  STORAGE(INITIAL 65536 NEXT 1048576 MINEXTENTS 1 MAXEXTENTS 2147483645
  PCTINCREASE 0 FREELISTS 1 FREELIST GROUPS 1 BUFFER_POOL DEFAULT FLASH_CACHE DEFAULT CELL_FLASH_CACHE DEFAULT)
  TABLESPACE "SYSTEM"  ENABLE;
  ALTER TABLE "HWABO"."SPOST" ADD CONSTRAINT "SOPEN_CHK" CHECK (sopen in('y', 'n')) ENABLE;
  ALTER TABLE "HWABO"."SPOST" MODIFY ("SENDDAY" NOT NULL ENABLE);
  ALTER TABLE "HWABO"."SPOST" MODIFY ("SSTARTDAY" NOT NULL ENABLE);
  ALTER TABLE "HWABO"."SPOST" MODIFY ("STITLE" NOT NULL ENABLE);
--------------------------------------------------------
--  Constraints for Table HASHTAG
--------------------------------------------------------

  ALTER TABLE "HWABO"."HASHTAG" ADD PRIMARY KEY ("TAGID")
  USING INDEX PCTFREE 10 INITRANS 2 MAXTRANS 255 COMPUTE STATISTICS 
  STORAGE(INITIAL 65536 NEXT 1048576 MINEXTENTS 1 MAXEXTENTS 2147483645
  PCTINCREASE 0 FREELISTS 1 FREELIST GROUPS 1 BUFFER_POOL DEFAULT FLASH_CACHE DEFAULT CELL_FLASH_CACHE DEFAULT)
  TABLESPACE "SYSTEM"  ENABLE;
  ALTER TABLE "HWABO"."HASHTAG" MODIFY ("TAGNAME" NOT NULL ENABLE);
--------------------------------------------------------
--  Constraints for Table PMANAGE
--------------------------------------------------------

  ALTER TABLE "HWABO"."PMANAGE" ADD PRIMARY KEY ("URLNAME")
  USING INDEX PCTFREE 10 INITRANS 2 MAXTRANS 255 COMPUTE STATISTICS 
  STORAGE(INITIAL 65536 NEXT 1048576 MINEXTENTS 1 MAXEXTENTS 2147483645
  PCTINCREASE 0 FREELISTS 1 FREELIST GROUPS 1 BUFFER_POOL DEFAULT FLASH_CACHE DEFAULT CELL_FLASH_CACHE DEFAULT)
  TABLESPACE "SYSTEM"  ENABLE;
  ALTER TABLE "HWABO"."PMANAGE" MODIFY ("PNAME" NOT NULL ENABLE);
--------------------------------------------------------
--  Constraints for Table LANGUAGE
--------------------------------------------------------

  ALTER TABLE "HWABO"."LANGUAGE" MODIFY ("ID" NOT NULL ENABLE);
  ALTER TABLE "HWABO"."LANGUAGE" MODIFY ("PAGELANGUAGE" NOT NULL ENABLE);
--------------------------------------------------------
--  Constraints for Table PROJECT
--------------------------------------------------------

  ALTER TABLE "HWABO"."PROJECT" ADD PRIMARY KEY ("PROJECT_NUM")
  USING INDEX PCTFREE 10 INITRANS 2 MAXTRANS 255 COMPUTE STATISTICS 
  STORAGE(INITIAL 65536 NEXT 1048576 MINEXTENTS 1 MAXEXTENTS 2147483645
  PCTINCREASE 0 FREELISTS 1 FREELIST GROUPS 1 BUFFER_POOL DEFAULT FLASH_CACHE DEFAULT CELL_FLASH_CACHE DEFAULT)
  TABLESPACE "SYSTEM"  ENABLE;
  ALTER TABLE "HWABO"."PROJECT" MODIFY ("UPLOADDATE" NOT NULL ENABLE);
  ALTER TABLE "HWABO"."PROJECT" MODIFY ("NAME" NOT NULL ENABLE);
  ALTER TABLE "HWABO"."PROJECT" MODIFY ("PROJECT_NUM" NOT NULL ENABLE);
--------------------------------------------------------
--  Constraints for Table CHAT
--------------------------------------------------------

  ALTER TABLE "HWABO"."CHAT" ADD PRIMARY KEY ("NO")
  USING INDEX PCTFREE 10 INITRANS 2 MAXTRANS 255 COMPUTE STATISTICS 
  STORAGE(INITIAL 65536 NEXT 1048576 MINEXTENTS 1 MAXEXTENTS 2147483645
  PCTINCREASE 0 FREELISTS 1 FREELIST GROUPS 1 BUFFER_POOL DEFAULT FLASH_CACHE DEFAULT CELL_FLASH_CACHE DEFAULT)
  TABLESPACE "SYSTEM"  ENABLE;
  ALTER TABLE "HWABO"."CHAT" MODIFY ("MAKER" NOT NULL ENABLE);
  ALTER TABLE "HWABO"."CHAT" MODIFY ("PARTICIPANT" NOT NULL ENABLE);
--------------------------------------------------------
--  Constraints for Table POSTREPLY
--------------------------------------------------------

  ALTER TABLE "HWABO"."POSTREPLY" ADD CONSTRAINT "REPLY_PK" PRIMARY KEY ("REPLYNO")
  USING INDEX PCTFREE 10 INITRANS 2 MAXTRANS 255 COMPUTE STATISTICS 
  STORAGE(INITIAL 65536 NEXT 1048576 MINEXTENTS 1 MAXEXTENTS 2147483645
  PCTINCREASE 0 FREELISTS 1 FREELIST GROUPS 1 BUFFER_POOL DEFAULT FLASH_CACHE DEFAULT CELL_FLASH_CACHE DEFAULT)
  TABLESPACE "SYSTEM"  ENABLE;
--------------------------------------------------------
--  Constraints for Table VPOST
--------------------------------------------------------

  ALTER TABLE "HWABO"."VPOST" ADD CONSTRAINT "VNO_PK" PRIMARY KEY ("VNO")
  USING INDEX PCTFREE 10 INITRANS 2 MAXTRANS 255 COMPUTE STATISTICS 
  STORAGE(INITIAL 65536 NEXT 1048576 MINEXTENTS 1 MAXEXTENTS 2147483645
  PCTINCREASE 0 FREELISTS 1 FREELIST GROUPS 1 BUFFER_POOL DEFAULT FLASH_CACHE DEFAULT CELL_FLASH_CACHE DEFAULT)
  TABLESPACE "SYSTEM"  ENABLE;
  ALTER TABLE "HWABO"."VPOST" MODIFY ("VOTECHECK" NOT NULL ENABLE);
  ALTER TABLE "HWABO"."VPOST" MODIFY ("VALARM" NOT NULL ENABLE);
  ALTER TABLE "HWABO"."VPOST" MODIFY ("VWRITER" NOT NULL ENABLE);
  ALTER TABLE "HWABO"."VPOST" MODIFY ("VTITLE" NOT NULL ENABLE);
--------------------------------------------------------
--  Constraints for Table PROGRESS
--------------------------------------------------------

  ALTER TABLE "HWABO"."PROGRESS" MODIFY ("TITLE" NOT NULL ENABLE);
  ALTER TABLE "HWABO"."PROGRESS" MODIFY ("NAME" NOT NULL ENABLE);
  ALTER TABLE "HWABO"."PROGRESS" MODIFY ("PROJECT_NUM" NOT NULL ENABLE);
  ALTER TABLE "HWABO"."PROGRESS" MODIFY ("UCODE" NOT NULL ENABLE);
--------------------------------------------------------
--  Constraints for Table PROJECTP
--------------------------------------------------------

  ALTER TABLE "HWABO"."PROJECTP" ADD PRIMARY KEY ("PARTICIPANTSNAME")
  USING INDEX PCTFREE 10 INITRANS 2 MAXTRANS 255 COMPUTE STATISTICS 
  STORAGE(INITIAL 65536 NEXT 1048576 MINEXTENTS 1 MAXEXTENTS 2147483645
  PCTINCREASE 0 FREELISTS 1 FREELIST GROUPS 1 BUFFER_POOL DEFAULT FLASH_CACHE DEFAULT CELL_FLASH_CACHE DEFAULT)
  TABLESPACE "SYSTEM"  ENABLE;
  ALTER TABLE "HWABO"."PROJECTP" MODIFY ("ADMINWHETHER" NOT NULL ENABLE);
--------------------------------------------------------
--  Constraints for Table FILEBOX
--------------------------------------------------------

  ALTER TABLE "HWABO"."FILEBOX" ADD PRIMARY KEY ("FILERENAME")
  USING INDEX PCTFREE 10 INITRANS 2 MAXTRANS 255 COMPUTE STATISTICS 
  STORAGE(INITIAL 65536 NEXT 1048576 MINEXTENTS 1 MAXEXTENTS 2147483645
  PCTINCREASE 0 FREELISTS 1 FREELIST GROUPS 1 BUFFER_POOL DEFAULT FLASH_CACHE DEFAULT CELL_FLASH_CACHE DEFAULT)
  TABLESPACE "SYSTEM"  ENABLE;
  ALTER TABLE "HWABO"."FILEBOX" MODIFY ("PNUM" NOT NULL ENABLE);
  ALTER TABLE "HWABO"."FILEBOX" MODIFY ("POSTNO" NOT NULL ENABLE);
  ALTER TABLE "HWABO"."FILEBOX" MODIFY ("FWRITER" NOT NULL ENABLE);
  ALTER TABLE "HWABO"."FILEBOX" MODIFY ("KIND" NOT NULL ENABLE);
  ALTER TABLE "HWABO"."FILEBOX" MODIFY ("KB" NOT NULL ENABLE);
  ALTER TABLE "HWABO"."FILEBOX" MODIFY ("FILEORIGINNAME" NOT NULL ENABLE);
--------------------------------------------------------
--  Constraints for Table DOPOST
--------------------------------------------------------

  ALTER TABLE "HWABO"."DOPOST" ADD CONSTRAINT "DOPEN_CHECK" CHECK (DOPEN IN('Y', 'N')) ENABLE;
  ALTER TABLE "HWABO"."DOPOST" ADD PRIMARY KEY ("DNO")
  USING INDEX PCTFREE 10 INITRANS 2 MAXTRANS 255 COMPUTE STATISTICS 
  STORAGE(INITIAL 65536 NEXT 1048576 MINEXTENTS 1 MAXEXTENTS 2147483645
  PCTINCREASE 0 FREELISTS 1 FREELIST GROUPS 1 BUFFER_POOL DEFAULT FLASH_CACHE DEFAULT CELL_FLASH_CACHE DEFAULT)
  TABLESPACE "SYSTEM"  ENABLE;
  ALTER TABLE "HWABO"."DOPOST" MODIFY ("DENROLLDATE" NOT NULL ENABLE);
  ALTER TABLE "HWABO"."DOPOST" MODIFY ("DCONTENT" NOT NULL ENABLE);
  ALTER TABLE "HWABO"."DOPOST" MODIFY ("DWRITER" NOT NULL ENABLE);
  ALTER TABLE "HWABO"."DOPOST" MODIFY ("DUCODE" NOT NULL ENABLE);
  ALTER TABLE "HWABO"."DOPOST" MODIFY ("DTITLE" NOT NULL ENABLE);
--------------------------------------------------------
--  Constraints for Table INVITE
--------------------------------------------------------

  ALTER TABLE "HWABO"."INVITE" ADD PRIMARY KEY ("INVTKEY")
  USING INDEX PCTFREE 10 INITRANS 2 MAXTRANS 255 COMPUTE STATISTICS 
  STORAGE(INITIAL 65536 NEXT 1048576 MINEXTENTS 1 MAXEXTENTS 2147483645
  PCTINCREASE 0 FREELISTS 1 FREELIST GROUPS 1 BUFFER_POOL DEFAULT FLASH_CACHE DEFAULT CELL_FLASH_CACHE DEFAULT)
  TABLESPACE "SYSTEM"  ENABLE;
  ALTER TABLE "HWABO"."INVITE" ADD CHECK (INVTUSE IN ('Y','N')) ENABLE;
  ALTER TABLE "HWABO"."INVITE" MODIFY ("INVTEMAIL" NOT NULL ENABLE);
  ALTER TABLE "HWABO"."INVITE" MODIFY ("PNUM" NOT NULL ENABLE);
--------------------------------------------------------
--  Constraints for Table ADDON
--------------------------------------------------------

  ALTER TABLE "HWABO"."ADDON" MODIFY ("CNO" NOT NULL ENABLE);
--------------------------------------------------------
--  Constraints for Table MEMBER
--------------------------------------------------------

  ALTER TABLE "HWABO"."MEMBER" ADD PRIMARY KEY ("UCODE")
  USING INDEX PCTFREE 10 INITRANS 2 MAXTRANS 255 COMPUTE STATISTICS 
  STORAGE(INITIAL 65536 NEXT 1048576 MINEXTENTS 1 MAXEXTENTS 2147483645
  PCTINCREASE 0 FREELISTS 1 FREELIST GROUPS 1 BUFFER_POOL DEFAULT FLASH_CACHE DEFAULT CELL_FLASH_CACHE DEFAULT)
  TABLESPACE "SYSTEM"  ENABLE;
  ALTER TABLE "HWABO"."MEMBER" ADD CHECK (UACTIVE IN('Y','N')) ENABLE;
  ALTER TABLE "HWABO"."MEMBER" ADD CHECK (SIGNTYPE IN('h', 'g', 'n')) ENABLE;
  ALTER TABLE "HWABO"."MEMBER" ADD CHECK (UCERT IN('Y', 'N')) ENABLE;
  ALTER TABLE "HWABO"."MEMBER" ADD CHECK (UST IN('N','Y','E','R')) ENABLE;
  ALTER TABLE "HWABO"."MEMBER" MODIFY ("UCERT" NOT NULL ENABLE);
  ALTER TABLE "HWABO"."MEMBER" MODIFY ("UEMAIL" NOT NULL ENABLE);
--------------------------------------------------------
--  Constraints for Table STAR
--------------------------------------------------------

  ALTER TABLE "HWABO"."STAR" MODIFY ("UCODE" NOT NULL ENABLE);
--------------------------------------------------------
--  Constraints for Table NOTE
--------------------------------------------------------

  ALTER TABLE "HWABO"."NOTE" ADD PRIMARY KEY ("NOTENO")
  USING INDEX PCTFREE 10 INITRANS 2 MAXTRANS 255 COMPUTE STATISTICS 
  STORAGE(INITIAL 65536 NEXT 1048576 MINEXTENTS 1 MAXEXTENTS 2147483645
  PCTINCREASE 0 FREELISTS 1 FREELIST GROUPS 1 BUFFER_POOL DEFAULT FLASH_CACHE DEFAULT CELL_FLASH_CACHE DEFAULT)
  TABLESPACE "SYSTEM"  ENABLE;
  ALTER TABLE "HWABO"."NOTE" MODIFY ("UCODE" NOT NULL ENABLE);
--------------------------------------------------------
--  Constraints for Table CPROJECT
--------------------------------------------------------

  ALTER TABLE "HWABO"."CPROJECT" ADD PRIMARY KEY ("PROJECTNAME")
  USING INDEX PCTFREE 10 INITRANS 2 MAXTRANS 255 COMPUTE STATISTICS 
  STORAGE(INITIAL 65536 NEXT 1048576 MINEXTENTS 1 MAXEXTENTS 2147483645
  PCTINCREASE 0 FREELISTS 1 FREELIST GROUPS 1 BUFFER_POOL DEFAULT FLASH_CACHE DEFAULT CELL_FLASH_CACHE DEFAULT)
  TABLESPACE "SYSTEM"  ENABLE;
  ALTER TABLE "HWABO"."CPROJECT" MODIFY ("DAUTHORITY" NOT NULL ENABLE);
  ALTER TABLE "HWABO"."CPROJECT" MODIFY ("LAUTHORITY" NOT NULL ENABLE);
  ALTER TABLE "HWABO"."CPROJECT" MODIFY ("WAUTHORITY" NOT NULL ENABLE);
--------------------------------------------------------
--  Constraints for Table REPLY
--------------------------------------------------------

  ALTER TABLE "HWABO"."REPLY" ADD PRIMARY KEY ("REPLYNO")
  USING INDEX PCTFREE 10 INITRANS 2 MAXTRANS 255 COMPUTE STATISTICS 
  STORAGE(INITIAL 65536 NEXT 1048576 MINEXTENTS 1 MAXEXTENTS 2147483645
  PCTINCREASE 0 FREELISTS 1 FREELIST GROUPS 1 BUFFER_POOL DEFAULT FLASH_CACHE DEFAULT CELL_FLASH_CACHE DEFAULT)
  TABLESPACE "SYSTEM"  ENABLE;
  ALTER TABLE "HWABO"."REPLY" MODIFY ("NO" NOT NULL ENABLE);
--------------------------------------------------------
--  Constraints for Table LOVE
--------------------------------------------------------

  ALTER TABLE "HWABO"."LOVE" ADD CONSTRAINT "LOVE_PK" PRIMARY KEY ("NO", "UCODE")
  USING INDEX PCTFREE 10 INITRANS 2 MAXTRANS 255 COMPUTE STATISTICS 
  STORAGE(INITIAL 65536 NEXT 1048576 MINEXTENTS 1 MAXEXTENTS 2147483645
  PCTINCREASE 0 FREELISTS 1 FREELIST GROUPS 1 BUFFER_POOL DEFAULT FLASH_CACHE DEFAULT CELL_FLASH_CACHE DEFAULT)
  TABLESPACE "SYSTEM"  ENABLE;
--------------------------------------------------------
--  Constraints for Table ALARM
--------------------------------------------------------

  ALTER TABLE "HWABO"."ALARM" ADD PRIMARY KEY ("NO")
  USING INDEX PCTFREE 10 INITRANS 2 MAXTRANS 255 COMPUTE STATISTICS 
  STORAGE(INITIAL 65536 NEXT 1048576 MINEXTENTS 1 MAXEXTENTS 2147483645
  PCTINCREASE 0 FREELISTS 1 FREELIST GROUPS 1 BUFFER_POOL DEFAULT FLASH_CACHE DEFAULT CELL_FLASH_CACHE DEFAULT)
  TABLESPACE "SYSTEM"  ENABLE;
  ALTER TABLE "HWABO"."ALARM" MODIFY ("ALARMCHECK" NOT NULL ENABLE);
  ALTER TABLE "HWABO"."ALARM" MODIFY ("ID" NOT NULL ENABLE);
--------------------------------------------------------
--  Constraints for Table PJMEMBER
--------------------------------------------------------

  ALTER TABLE "HWABO"."PJMEMBER" ADD CHECK (pjadmin in ('1','2','3','4')) ENABLE;
  ALTER TABLE "HWABO"."PJMEMBER" ADD CONSTRAINT "PK_UCODE_PNUM" PRIMARY KEY ("PNUM", "UCODE")
  USING INDEX PCTFREE 10 INITRANS 2 MAXTRANS 255 COMPUTE STATISTICS 
  STORAGE(INITIAL 65536 NEXT 1048576 MINEXTENTS 1 MAXEXTENTS 2147483645
  PCTINCREASE 0 FREELISTS 1 FREELIST GROUPS 1 BUFFER_POOL DEFAULT FLASH_CACHE DEFAULT CELL_FLASH_CACHE DEFAULT)
  TABLESPACE "SYSTEM"  ENABLE;
  ALTER TABLE "HWABO"."PJMEMBER" MODIFY ("UCODE" NOT NULL ENABLE);
  ALTER TABLE "HWABO"."PJMEMBER" MODIFY ("PNUM" NOT NULL ENABLE);
--------------------------------------------------------
--  Constraints for Table BPOST
--------------------------------------------------------

  ALTER TABLE "HWABO"."BPOST" ADD PRIMARY KEY ("BNO")
  USING INDEX PCTFREE 10 INITRANS 2 MAXTRANS 255 COMPUTE STATISTICS 
  STORAGE(INITIAL 65536 NEXT 1048576 MINEXTENTS 1 MAXEXTENTS 2147483645
  PCTINCREASE 0 FREELISTS 1 FREELIST GROUPS 1 BUFFER_POOL DEFAULT FLASH_CACHE DEFAULT CELL_FLASH_CACHE DEFAULT)
  TABLESPACE "SYSTEM"  ENABLE;
  ALTER TABLE "HWABO"."BPOST" ADD CHECK (bopen in('y', 'n')) ENABLE;
  ALTER TABLE "HWABO"."BPOST" ADD CHECK (bkind in('요청', '진행', '피드백', '완료', '보류')) ENABLE;
  ALTER TABLE "HWABO"."BPOST" MODIFY ("BKIND" NOT NULL ENABLE);
  ALTER TABLE "HWABO"."BPOST" MODIFY ("BWRITER" NOT NULL ENABLE);
  ALTER TABLE "HWABO"."BPOST" MODIFY ("BUCODE" NOT NULL ENABLE);
  ALTER TABLE "HWABO"."BPOST" MODIFY ("BTITLE" NOT NULL ENABLE);
--------------------------------------------------------
--  Constraints for Table CPOST
--------------------------------------------------------

  ALTER TABLE "HWABO"."CPOST" ADD PRIMARY KEY ("CNO")
  USING INDEX PCTFREE 10 INITRANS 2 MAXTRANS 255 COMPUTE STATISTICS 
  STORAGE(INITIAL 65536 NEXT 1048576 MINEXTENTS 1 MAXEXTENTS 2147483645
  PCTINCREASE 0 FREELISTS 1 FREELIST GROUPS 1 BUFFER_POOL DEFAULT FLASH_CACHE DEFAULT CELL_FLASH_CACHE DEFAULT)
  TABLESPACE "SYSTEM"  ENABLE;
  ALTER TABLE "HWABO"."CPOST" ADD CHECK (COPEN IN ('Y','N')) ENABLE;
  ALTER TABLE "HWABO"."CPOST" MODIFY ("CCONTENT" NOT NULL ENABLE);
  ALTER TABLE "HWABO"."CPOST" MODIFY ("CWRITER" NOT NULL ENABLE);
  ALTER TABLE "HWABO"."CPOST" MODIFY ("CUCODE" NOT NULL ENABLE);
  ALTER TABLE "HWABO"."CPOST" MODIFY ("CTITLE" NOT NULL ENABLE);
  ALTER TABLE "HWABO"."CPOST" MODIFY ("CPNUM" NOT NULL ENABLE);
--------------------------------------------------------
--  Ref Constraints for Table ADDTAG
--------------------------------------------------------

  ALTER TABLE "HWABO"."ADDTAG" ADD CONSTRAINT "FK_TAGID_HASHTAG" FOREIGN KEY ("TAGID")
	  REFERENCES "HWABO"."HASHTAG" ("TAGID") ON DELETE CASCADE ENABLE;
--------------------------------------------------------
--  Ref Constraints for Table BPOST
--------------------------------------------------------

  ALTER TABLE "HWABO"."BPOST" ADD CONSTRAINT "BC_FK" FOREIGN KEY ("BUCODE")
	  REFERENCES "HWABO"."MEMBER" ("UCODE") ENABLE;
  ALTER TABLE "HWABO"."BPOST" ADD CONSTRAINT "BP_FK" FOREIGN KEY ("BPNUM")
	  REFERENCES "HWABO"."PROJECT" ("PROJECT_NUM") ENABLE;
--------------------------------------------------------
--  Ref Constraints for Table CABINET
--------------------------------------------------------

  ALTER TABLE "HWABO"."CABINET" ADD CONSTRAINT "CABINET_FK" FOREIGN KEY ("UCODE")
	  REFERENCES "HWABO"."MEMBER" ("UCODE") ON DELETE CASCADE ENABLE;
--------------------------------------------------------
--  Ref Constraints for Table CHATTING
--------------------------------------------------------

  ALTER TABLE "HWABO"."CHATTING" ADD CONSTRAINT "FK_UCODE_CHAT" FOREIGN KEY ("UCODE")
	  REFERENCES "HWABO"."MEMBER" ("UCODE") ON DELETE CASCADE ENABLE;
--------------------------------------------------------
--  Ref Constraints for Table CPOST
--------------------------------------------------------

  ALTER TABLE "HWABO"."CPOST" ADD CONSTRAINT "FK_PNUM_PROJECT" FOREIGN KEY ("CPNUM")
	  REFERENCES "HWABO"."PROJECT" ("PROJECT_NUM") ON DELETE CASCADE ENABLE;
  ALTER TABLE "HWABO"."CPOST" ADD CONSTRAINT "FK_WRITERCODE_MEMBER" FOREIGN KEY ("CUCODE")
	  REFERENCES "HWABO"."MEMBER" ("UCODE") ON DELETE CASCADE ENABLE;
--------------------------------------------------------
--  Ref Constraints for Table DOPOST
--------------------------------------------------------

  ALTER TABLE "HWABO"."DOPOST" ADD FOREIGN KEY ("DPNUM")
	  REFERENCES "HWABO"."PROJECT" ("PROJECT_NUM") ENABLE;
--------------------------------------------------------
--  Ref Constraints for Table INVITE
--------------------------------------------------------

  ALTER TABLE "HWABO"."INVITE" ADD CONSTRAINT "FK_NUM_PROJECT" FOREIGN KEY ("PNUM")
	  REFERENCES "HWABO"."PROJECT" ("PROJECT_NUM") ON DELETE CASCADE ENABLE;
  ALTER TABLE "HWABO"."INVITE" ADD CONSTRAINT "FK_UCODE_MEMBER" FOREIGN KEY ("UCODE")
	  REFERENCES "HWABO"."MEMBER" ("UCODE") ON DELETE CASCADE ENABLE;
--------------------------------------------------------
--  Ref Constraints for Table LOVE
--------------------------------------------------------

  ALTER TABLE "HWABO"."LOVE" ADD CONSTRAINT "LOVE_FK" FOREIGN KEY ("UCODE")
	  REFERENCES "HWABO"."MEMBER" ("UCODE") ON DELETE CASCADE ENABLE;
--------------------------------------------------------
--  Ref Constraints for Table PJMEMBER
--------------------------------------------------------

  ALTER TABLE "HWABO"."PJMEMBER" ADD CONSTRAINT "FK_PNUM_PJMEMBER" FOREIGN KEY ("PNUM")
	  REFERENCES "HWABO"."PROJECT" ("PROJECT_NUM") ON DELETE CASCADE ENABLE;
  ALTER TABLE "HWABO"."PJMEMBER" ADD CONSTRAINT "FK_UCODE_PJMEMBER" FOREIGN KEY ("UCODE")
	  REFERENCES "HWABO"."MEMBER" ("UCODE") ON DELETE CASCADE ENABLE;
--------------------------------------------------------
--  Ref Constraints for Table POSTREPLY
--------------------------------------------------------

  ALTER TABLE "HWABO"."POSTREPLY" ADD CONSTRAINT "POSTREPLY_FK1" FOREIGN KEY ("UCODE")
	  REFERENCES "HWABO"."MEMBER" ("UCODE") ON DELETE CASCADE ENABLE;
--------------------------------------------------------
--  Ref Constraints for Table PROGRESS
--------------------------------------------------------

  ALTER TABLE "HWABO"."PROGRESS" ADD CONSTRAINT "FK_PROJECT_NUM" FOREIGN KEY ("PROJECT_NUM")
	  REFERENCES "HWABO"."PROJECT" ("PROJECT_NUM") ON DELETE CASCADE ENABLE;
  ALTER TABLE "HWABO"."PROGRESS" ADD CONSTRAINT "UCODE_FK_PROGRESS" FOREIGN KEY ("UCODE")
	  REFERENCES "HWABO"."MEMBER" ("UCODE") ON DELETE CASCADE ENABLE;
--------------------------------------------------------
--  Ref Constraints for Table REPLY
--------------------------------------------------------

  ALTER TABLE "HWABO"."REPLY" ADD CONSTRAINT "REPLY_FK" FOREIGN KEY ("UCODE")
	  REFERENCES "HWABO"."MEMBER" ("UCODE") ENABLE;
--------------------------------------------------------
--  Ref Constraints for Table SPOST
--------------------------------------------------------

  ALTER TABLE "HWABO"."SPOST" ADD CONSTRAINT "SPOST_FK" FOREIGN KEY ("SUCODE")
	  REFERENCES "HWABO"."MEMBER" ("UCODE") ON DELETE CASCADE ENABLE;
  ALTER TABLE "HWABO"."SPOST" ADD CONSTRAINT "SPOST_FK2" FOREIGN KEY ("SPNUM")
	  REFERENCES "HWABO"."PROJECT" ("PROJECT_NUM") ON DELETE CASCADE ENABLE;
--------------------------------------------------------
--  Ref Constraints for Table STAR
--------------------------------------------------------

  ALTER TABLE "HWABO"."STAR" ADD CONSTRAINT "FK_STAR_PROJECT_NUM" FOREIGN KEY ("STAR")
	  REFERENCES "HWABO"."PROJECT" ("PROJECT_NUM") ON DELETE CASCADE ENABLE;
--------------------------------------------------------
--  Ref Constraints for Table VPOST
--------------------------------------------------------

  ALTER TABLE "HWABO"."VPOST" ADD CONSTRAINT "VUCODE_FK_UCODEE" FOREIGN KEY ("VUCODE")
	  REFERENCES "HWABO"."MEMBER" ("UCODE") ON DELETE CASCADE ENABLE;
